{
  "type": "FeatureCollection",
  "generator": "overpass-turbo",
  "copyright": "The data included in this document is from www.openstreetmap.org. The data is made available under ODbL.",
  "timestamp": "2026-08-19T18:20:57Z",
  "features": [
    {
      "type": "Feature",
      "properties": {
        "@id": "way/24208843",
        "building": "yes",
        "building:levels": "1",
        "building:material": "brick",
        "historic": "building",
        "name": "Główna łaźnia \"Sauna\"",
        "start_date": "1943-12"
      },
      "geometry": {
        "type": "Polygon",
        "coordinates": [[[19.166408,50.03883],[19.166591,50.038825],[19.1666,50.03906],[19.167015,50.039054],[19.167014,50.039003],[19.167194,50.039],[19.167206,50.039294],[19.167025,50.039297],[19.167023,50.03924],[19.166607,50.039245],[19.166616,50.03948],[19.166433,50.039482],[19.166408,50.03883]]]
      },
      "id": "way/24208843"
    },
    {
      "type": "Feature",
      "properties": {
        "@id": "way/29945661",
        "building": "gate",
        "historic": "gate",
        "name": "Wartownia",
        "name:en": "Guardhouse"
      },
      "geometry": {
        "type": "Polygon",
        "coordinates": [[[19.1809605,50.0348735],[19.1808494,50.0348753],[19.1808379,50.0345734],[19.1808241,50.0342147],[19.1809352,50.034213],[19.1809489,50.0345716],[19.1809605,50.0348735]]]
      },
      "id": "way/29945661"
    },
    {
      "type": "Feature",
      "properties": {"@id": "way/42387094","historic": "ruins","name": "Komora gazowa/Krematorium II","ruins": "building"},
      "geometry": {"type": "Polygon","coordinates": [[[19.1686082,50.0340284],[19.1686056,50.0339481],[19.1693727,50.0339379],[19.169363,50.0336348],[19.1694826,50.0336332],[19.1694915,50.0339096],[19.1700776,50.0339018],[19.170081,50.0340079],[19.1698631,50.0340108],[19.1698666,50.0341179],[19.1696435,50.0341209],[19.1696401,50.0340147],[19.1686082,50.0340284]]]},
      "id": "way/42387094"
    },
    {
      "type": "Feature",
      "properties": {"@id": "way/42387095","historic": "ruins","name": "Komora gazowa/Krematorium III","ruins": "building"},
      "geometry": {"type": "Polygon","coordinates": [[[19.1694143,50.0358421],[19.1694119,50.0355428],[19.1686592,50.0355453],[19.1686586,50.0354676],[19.1696725,50.0354643],[19.1696714,50.0353304],[19.1699085,50.0353297],[19.1699095,50.0354509],[19.1701384,50.0354501],[19.1701395,50.0355856],[19.1695811,50.0355874],[19.1695831,50.0358415],[19.1694143,50.0358421]]]},
      "id": "way/42387095"
    },
    {
      "type": "Feature",
      "properties": {"@id": "way/53908378","historic": "memorial","name:en": "German Nazi Concentration and Extermination Camp Auschwitz II-Birkenau"},
      "geometry": {"type": "Polygon","coordinates": [[[19.1789836,50.0431567],[19.1784082,50.0433474],[19.1780541,50.0435669],[19.1770396,50.0447003],[19.1712888,50.044775],[19.1713632,50.0450403],[19.1712171,50.0456116],[19.170367,50.0456375],[19.1703471,50.0455243],[19.1704417,50.0451408],[19.1703508,50.0448329],[19.1699757,50.0448508],[19.1676822,50.0448553],[19.1673426,50.0450034],[19.1648901,50.0444541],[19.1650109,50.0441212],[19.1646411,50.0440646],[19.1616706,50.042293],[19.160609,50.0418689],[19.1606321,50.0412233],[19.1598691,50.0407292],[19.1604063,50.0400144],[19.1617465,50.0395793],[19.1611359,50.0382328],[19.1648763,50.0371945],[19.1666681,50.036577],[19.1677419,50.0365286],[19.1679996,50.0362426],[19.1680052,50.035738],[19.1672472,50.0346237],[19.1673268,50.0340679],[19.1681744,50.0334859],[19.1705721,50.0317269],[19.1808376,50.0315726],[19.1809518,50.0316377],[19.1809784,50.0342083],[19.1813061,50.0429001],[19.1789836,50.0431567]]]},
      "id": "way/53908378"
    },
    {
      "type": "Feature",
      "properties": {"@id": "way/53908386","historic": "ruins","name": "Komora gazowa/Krematorium IV","ruins": "building"},
      "geometry": {"type": "Polygon","coordinates": [[[19.1674821,50.0404079],[19.1674785,50.0402937],[19.1683285,50.0402826],[19.1683273,50.0402456],[19.1684155,50.0402444],[19.1684203,50.0403955],[19.1674821,50.0404079]]]},
      "id": "way/53908386"
    },
    {
      "type": "Feature",
      "properties": {"@id": "way/53908387","historic": "ruins","name": "Komora gazowa/Krematorium V","ruins": "building"},
      "geometry": {"type": "Polygon","coordinates": [[[19.1675138,50.0414258],[19.1675094,50.0413085],[19.1684523,50.0412938],[19.1684581,50.0414469],[19.168391,50.0414479],[19.1683897,50.0414122],[19.1675138,50.0414258]]]},
      "id": "way/53908387"
    },
    {
      "type": "Feature",
      "properties": {"@id": "way/93663284","historic": "ruins","name": "Biały Domek (bunkier II)","ruins": "building"},
      "geometry": {"type": "Polygon","coordinates": [[[19.1634939,50.040061],[19.1635331,50.0399874],[19.1637472,50.0400344],[19.163708,50.040108],[19.1634939,50.040061]]]},
      "id": "way/93663284"
    },
    {
      "type": "Feature",
      "properties": {"@id": "way/266176488","barrier": "fence","name": "Odcinek BIId dla mężczyzn","ref": "BIId"},
      "geometry": {"type": "Polygon","coordinates": [[[19.1741941,50.0404876],[19.1740333,50.035013],[19.175763,50.0349784],[19.1759567,50.0404597],[19.1751093,50.0404746],[19.1741941,50.0404876]]]},
      "id": "way/266176488"
    },
    {
      "type": "Feature",
      "properties": {"@id": "way/266176489","barrier": "fence","name": "Odcinek BIIe dla rodzin Cyganów","ref": "BIIe"},
      "geometry": {"type": "Polygon","coordinates": [[[19.1741941,50.0404876],[19.1732791,50.0405035],[19.1723882,50.040514],[19.172169,50.0350332],[19.1740333,50.035013],[19.1741941,50.0404876]]]},
      "id": "way/266176489"
    },
    {
      "type": "Feature",
      "properties": {"@id": "way/266176490","barrier": "fence","name": "Odcinek BIIf dla chorych mężczyzn","ref": "BIIf"},
      "geometry": {"type": "Polygon","coordinates": [[[19.1723882,50.040514],[19.1716413,50.0405215],[19.1710197,50.0405343],[19.170999,50.0399902],[19.1709355,50.0381902],[19.1708968,50.0371866],[19.1708531,50.03605],[19.1708204,50.0350478],[19.172169,50.0350332],[19.1723882,50.040514]]]},
      "id": "way/266176490"
    },
    {
      "type": "Feature",
      "properties": {"@id": "way/266176491","barrier": "fence","name": "Odcinek BIIc przejściowy dla Żydówek","ref": "BIIc"},
      "geometry": {"type": "Polygon","coordinates": [[[19.1761346,50.0404562],[19.1759436,50.034977],[19.1777064,50.0349541],[19.1779018,50.0404256],[19.1769876,50.0404432],[19.1761346,50.0404562]]]},
      "id": "way/266176491"
    },
    {
      "type": "Feature",
      "properties": {"@id": "way/266176492","barrier": "fence","name": "Odcinek BIIb rodzinny dla Żydów z Teresina","ref": "BIIb"},
      "geometry": {"type": "Polygon","coordinates": [[[19.1779018,50.0404256],[19.1777064,50.0349541],[19.1795338,50.0349286],[19.1797306,50.0403982],[19.178815,50.0404122],[19.1779018,50.0404256]]]},
      "id": "way/266176492"
    },
    {
      "type": "Feature",
      "properties": {"@id": "way/266176493","barrier": "fence","name": "Odcinek BIIa kwarantanna mężczyzn","ref": "BIIa"},
      "geometry": {"type": "Polygon","coordinates": [[[19.1795338,50.0349286],[19.1804711,50.0349133],[19.180872,50.0349049],[19.1810736,50.0403759],[19.1806364,50.0403864],[19.1797306,50.0403982],[19.1795338,50.0349286]]]},
      "id": "way/266176493"
    },
    {
      "type": "Feature",
      "properties": {"@id": "way/266179151","barrier": "fence","name": "Odcinek BIa obóz kobiecy","ref": "BIa"},
      "geometry": {"type": "Polygon","coordinates": [[[19.1759909,50.0342732],[19.1759562,50.0332642],[19.1759037,50.0317426],[19.1807571,50.0316736],[19.1808092,50.0331832],[19.1808444,50.0342042],[19.1759909,50.0342732]]]},
      "id": "way/266179151"
    },
    {
      "type": "Feature",
      "properties": {"@id": "way/266179152","barrier": "fence","name": "Odcinek BIb obóz męski, od 1943r. obóz kobiecy","ref": "BIb"},
      "geometry": {"type": "Polygon","coordinates": [[[19.1756281,50.0342787],[19.170798,50.0343545],[19.1707682,50.0335695],[19.17076,50.033354],[19.1707075,50.0319748],[19.1707054,50.0318887],[19.1707016,50.0318191],[19.1755317,50.0317433],[19.1755897,50.0332693],[19.1756281,50.0342787]]]},
      "id": "way/266179152"
    },
    {
      "type": "Feature",
      "properties": {"@id": "way/266187687","historic": "ruins","description:en": "Kitchen barracks","ruins": "barrack"},
      "geometry": {"type": "Polygon","coordinates": [[[19.1798843,50.0399715],[19.1798648,50.0394344],[19.1799933,50.0394325],[19.1800128,50.0399696],[19.1798843,50.0399715]]]},
      "id": "way/266187687"
    },
    {
      "type": "Feature",
      "properties": {"@id": "way/280671819","building": "barrack","historic": "building"},
      "geometry": {"type": "Polygon","coordinates": [[[19.1754457,50.0343249],[19.1757474,50.0343195],[19.1757502,50.0343833],[19.1754485,50.0343888],[19.1754457,50.0343249]]]},
      "id": "way/280671819"
    },
    {
      "type": "Feature",
      "properties": {"@id": "way/280676850","historic": "ruins","name": "Fundament baraku rozbieralni","ruins": "building"},
      "geometry": {"type": "Polygon","coordinates": [[[19.16332,50.0393317],[19.1638089,50.0391503],[19.1638711,50.0392195],[19.1633822,50.0394009],[19.16332,50.0393317]]]},
      "id": "way/280676850"
    },
    {
      "type": "Feature",
      "properties": {"@id": "way/280676851","historic": "ruins","name": "Fundament baraku rozbieralni","ruins": "building"},
      "geometry": {"type": "Polygon","coordinates": [[[19.1639919,50.0393376],[19.1640526,50.0394044],[19.1635719,50.0395846],[19.1635112,50.0395177],[19.1639919,50.0393376]]]},
      "id": "way/280676851"
    },
    {"type":"Feature","properties":{"@id":"way/280677685","man_made":"tower","tower:type":"watchtower"},"geometry":{"type":"Polygon","coordinates":[[[19.180814,50.032338],[19.180858,50.032338],[19.180858,50.032366],[19.180814,50.032366],[19.180814,50.032338]]]},"id":"way/280677685"},
    {"type":"Feature","properties":{"@id":"way/280677686","man_made":"tower","tower:type":"watchtower"},"geometry":{"type":"Polygon","coordinates":[[[19.180846,50.033322],[19.180845,50.033294],[19.180889,50.033294],[19.180889,50.033322],[19.180846,50.033322]]]},"id":"way/280677686"},
    {"type":"Feature","properties":{"@id":"way/280677687","man_made":"tower","tower:type":"watchtower"},"geometry":{"type":"Polygon","coordinates":[[[19.180976,50.035619],[19.180931,50.035619],[19.18093,50.035591],[19.180975,50.03559],[19.180976,50.035611],[19.180976,50.035619]]]},"id":"way/280677687"},
    {"type":"Feature","properties":{"@id":"way/280677895","man_made":"tower","tower:type":"watchtower"},"geometry":{"type":"Polygon","coordinates":[[[19.181011,50.036762],[19.180968,50.036762],[19.180967,50.036734],[19.18101,50.036734],[19.181011,50.036762]]]},"id":"way/280677895"},
    {"type":"Feature","properties":{"@id":"way/280677896","man_made":"tower","tower:type":"watchtower"},"geometry":{"type":"Polygon","coordinates":[[[19.181047,50.03759],[19.181003,50.0376],[19.181003,50.037571],[19.181046,50.037571],[19.181047,50.03759]]]},"id":"way/280677896"},
    {"type":"Feature","properties":{"@id":"way/280677897","man_made":"tower","tower:type":"watchtower"},"geometry":{"type":"Polygon","coordinates":[[[19.181142,50.040174],[19.181098,50.040175],[19.181096,50.040146],[19.181141,50.040145],[19.181142,50.040174]]]},"id":"way/280677897"},
    {"type":"Feature","properties":{"@id":"way/280677898","man_made":"tower","tower:type":"watchtower"},"geometry":{"type":"Polygon","coordinates":[[[19.181112,50.039326],[19.181067,50.039327],[19.181067,50.039298],[19.181111,50.039298],[19.181112,50.039326]]]},"id":"way/280677898"},
    {"type":"Feature","properties":{"@id":"way/280677913","man_made":"tower","tower:type":"watchtower"},"geometry":{"type":"Polygon","coordinates":[[[19.181086,50.038658],[19.181043,50.03866],[19.18104,50.038631],[19.181084,50.03863],[19.181086,50.038658]]]},"id":"way/280677913"},
    {"type":"Feature","properties":{"@id":"way/280678258","man_made":"tower","tower:type":"watchtower"},"geometry":{"type":"Polygon","coordinates":[[[19.177272,50.031701],[19.177272,50.031673],[19.177315,50.031673],[19.1773155,50.0316998],[19.177272,50.031701]]]},"id":"way/280678258"},
    {"type":"Feature","properties":{"@id":"way/280678260","man_made":"tower","tower:type":"watchtower"},"geometry":{"type":"Polygon","coordinates":[[[19.178767,50.03168],[19.178767,50.031651],[19.17881,50.031651],[19.17881,50.031679],[19.178767,50.03168]]]},"id":"way/280678260"},
    {"type":"Feature","properties":{"@id":"way/280678261","man_made":"tower","tower:type":"watchtower"},"geometry":{"type":"Polygon","coordinates":[[[19.180787,50.031612],[19.180853,50.031611],[19.180854,50.031653],[19.180789,50.031654],[19.180787,50.031612]]]},"id":"way/280678261"},
    {"type":"Feature","properties":{"@id":"way/280678263","man_made":"tower","tower:type":"watchtower"},"geometry":{"type":"Polygon","coordinates":[[[19.1756805,50.0316823],[19.1757403,50.0316814],[19.1757419,50.0317232],[19.175682,50.0317241],[19.1756805,50.0316823]]]},"id":"way/280678263"},
    {"type":"Feature","properties":{"@id":"way/280678267","man_made":"tower","tower:type":"watchtower"},"geometry":{"type":"Polygon","coordinates":[[[19.170608,50.03176],[19.170675,50.031759],[19.170676,50.0318],[19.170611,50.031801],[19.170608,50.03176]]]},"id":"way/280678267"},
    {"type":"Feature","properties":{"@id":"way/280678269","man_made":"tower","tower:type":"watchtower"},"geometry":{"type":"Polygon","coordinates":[[[19.172614,50.031772],[19.172614,50.031744],[19.172657,50.031744],[19.172656,50.031771],[19.172614,50.031772]]]},"id":"way/280678269"},
    {"type":"Feature","properties":{"@id":"way/280678271","man_made":"tower","tower:type":"watchtower"},"geometry":{"type":"Polygon","coordinates":[[[19.17415,50.031721],[19.174194,50.031719],[19.174196,50.031748],[19.174152,50.03175],[19.17415,50.031721]]]},"id":"way/280678271"},
    {"type":"Feature","properties":{"@id":"way/280679136","man_made":"tower","tower:type":"watchtower"},"geometry":{"type":"Polygon","coordinates":[[[19.166169,50.040098],[19.166168,50.040087],[19.166168,50.04008],[19.166212,50.040079],[19.166213,50.040106],[19.166169,50.040107],[19.166169,50.040098]]]},"id":"way/280679136"},
    {"type":"Feature","properties":{"@id":"way/280679137","man_made":"tower","tower:type":"watchtower"},"geometry":{"type":"Polygon","coordinates":[[[19.166105,50.038301],[19.166105,50.038289],[19.166104,50.038282],[19.166148,50.038281],[19.166149,50.038309],[19.166106,50.03831],[19.166105,50.038301]]]},"id":"way/280679137"},
    {"type":"Feature","properties":{"@id":"way/280679138","man_made":"tower","tower:type":"watchtower"},"geometry":{"type":"Polygon","coordinates":[[[19.168313,50.036655],[19.168336,50.036649],[19.168351,50.036644],[19.168374,50.036638],[19.168399,50.036677],[19.168339,50.036693],[19.168313,50.036655]]]},"id":"way/280679138"},
    {"type":"Feature","properties":{"@id":"way/280679141","man_made":"tower","tower:type":"watchtower"},"geometry":{"type":"Polygon","coordinates":[[[19.1683209,50.036043],[19.1683749,50.0360413],[19.1683774,50.0360745],[19.1683234,50.0360763],[19.1683209,50.036043]]]},"id":"way/280679141"},
    {"type":"Feature","properties":{"@id":"way/280794771","man_made":"tower"},"geometry":{"type":"Polygon","coordinates":[[[19.1796156,50.0342566],[19.17966,50.0342566],[19.17966,50.0342825],[19.1796156,50.0342825],[19.1796156,50.0342566]]]},"id":"way/280794771"},
    {"type":"Feature","properties":{"@id":"way/280794801","man_made":"tower"},"geometry":{"type":"Polygon","coordinates":[[[19.1783444,50.0342748],[19.1783884,50.0342744],[19.178389,50.0343025],[19.178345,50.0343029],[19.1783444,50.0342748]]]},"id":"way/280794801"},
    {"type":"Feature","properties":{"@id":"way/280794802","man_made":"tower"},"geometry":{"type":"Polygon","coordinates":[[[19.1774141,50.0342896],[19.1774572,50.0342892],[19.1774579,50.0343168],[19.1774147,50.0343173],[19.1774141,50.0342896]]]},"id":"way/280794802"},
    {"type":"Feature","properties":{"@id":"way/280794803","man_made":"tower"},"geometry":{"type":"Polygon","coordinates":[[[19.1758995,50.0343105],[19.1759416,50.0343097],[19.175943,50.0343384],[19.1759008,50.0343392],[19.1758995,50.0343105]]]},"id":"way/280794803"},
    {"type":"Feature","properties":{"@id":"way/280794888","man_made":"tower"},"geometry":{"type":"Polygon","coordinates":[[[19.1717803,50.0343741],[19.1718227,50.0343738],[19.1718231,50.0344007],[19.1717807,50.0344009],[19.1717803,50.0343741]]]},"id":"way/280794888"},
    {"type":"Feature","properties":{"@id":"way/280795558","man_made":"tower"},"geometry":{"type":"Polygon","coordinates":[[[19.1795122,50.0348615],[19.1795559,50.0348614],[19.1795561,50.0348883],[19.1795124,50.0348884],[19.1795122,50.0348615]]]},"id":"way/280795558"},
    {"type":"Feature","properties":{"@id":"way/280795560","man_made":"tower"},"geometry":{"type":"Polygon","coordinates":[[[19.1776818,50.034887],[19.1777269,50.0348863],[19.177728,50.0349141],[19.1776829,50.0349148],[19.1776818,50.034887]]]},"id":"way/280795560"},
    {"type":"Feature","properties":{"@id":"way/280795568","man_made":"tower"},"geometry":{"type":"Polygon","coordinates":[[[19.1757104,50.034913],[19.1757557,50.0349116],[19.1757578,50.0349407],[19.1757125,50.034942],[19.1757104,50.034913]]]},"id":"way/280795568"},
    {"type":"Feature","properties":{"@id":"way/280796596","man_made":"tower"},"geometry":{"type":"Polygon","coordinates":[[[19.1739699,50.0349405],[19.1740114,50.03494],[19.174012,50.0349659],[19.1739706,50.0349663],[19.1739699,50.0349405]]]},"id":"way/280796596"},
    {"type":"Feature","properties":{"@id":"way/280796598","man_made":"tower"},"geometry":{"type":"Polygon","coordinates":[[[19.1721492,50.0349644],[19.172193,50.0349645],[19.1721927,50.0349961],[19.1721489,50.0349959],[19.1721492,50.0349644]]]},"id":"way/280796598"},
    {"type":"Feature","properties":{"@id":"way/280799310","man_made":"tower"},"geometry":{"type":"Polygon","coordinates":[[[19.1707741,50.0349825],[19.1708182,50.0349825],[19.1708183,50.0350146],[19.1707742,50.0350147],[19.1707741,50.0349825]]]},"id":"way/280799310"},
    {"type":"Feature","properties":{"@id":"way/299772528","man_made":"tower"},"geometry":{"type":"Polygon","coordinates":[[[19.1662788,50.0417717],[19.1663316,50.0417719],[19.1663312,50.0418073],[19.1662783,50.041807],[19.1662788,50.0417717]]]},"id":"way/299772528"},
    {"type":"Feature","properties":{"@id":"way/299772545","man_made":"tower"},"geometry":{"type":"Polygon","coordinates":[[[19.1661812,50.0391784],[19.1661818,50.0392109],[19.1661293,50.0392113],[19.1661287,50.0391788],[19.1661812,50.0391784]]]},"id":"way/299772545"},
    {"type":"Feature","properties":{"@id":"way/280678264","building":"yes"},"geometry":{"type":"Polygon","coordinates":[[[19.1682957,50.035094],[19.1683511,50.0350935],[19.1683518,50.0351276],[19.1682964,50.035128],[19.1682957,50.035094]]]},"id":"way/280678264"},
    {"type":"Feature","properties":{"@id":"way/280678266","building":"yes"},"geometry":{"type":"Polygon","coordinates":[[[19.168258,50.034327],[19.168258,50.034313],[19.168322,50.034312],[19.168323,50.034352],[19.168259,50.034353],[19.168259,50.034339],[19.168258,50.034327]]]},"id":"way/280678266"},
    {"type":"Feature","properties":{"@id":"way/280679139","building":"yes"},"geometry":{"type":"Polygon","coordinates":[[[19.167161,50.037012],[19.167122,50.037024],[19.167103,50.036999],[19.167115,50.036995],[19.167131,50.03699],[19.167143,50.036986],[19.167161,50.037012]]]},"id":"way/280679139"},
    {"type":"Feature","properties":{"@id":"way/280679140","building":"yes"},"geometry":{"type":"Polygon","coordinates":[[[19.166049,50.037376],[19.166048,50.037361],[19.166047,50.037349],[19.166111,50.037347],[19.166114,50.037387],[19.16605,50.037389],[19.166049,50.037376]]]},"id":"way/280679140"},
    {"type":"Feature","properties":{"@id":"way/281129650","building":"service","historic":"building"},"geometry":{"type":"Polygon","coordinates":[[[19.168299,50.037337],[19.168402,50.037335],[19.168406,50.037441],[19.168304,50.037442],[19.168299,50.037337]]]},"id":"way/281129650"},
    {"type":"Feature","properties":{"@id":"way/280824481","building":"outbuilding"},"geometry":{"type":"Polygon","coordinates":[[[19.167417,50.036653],[19.167362,50.036711],[19.167266,50.036674],[19.167321,50.036615],[19.167417,50.036653]]]},"id":"way/280824481"},
    {"type":"Feature","properties":{"@id":"way/233215254","building":"yes","historic":"building","name":"Blok 21"},"geometry":{"type":"Polygon","coordinates":[[[19.172578,50.033125],[19.172071,50.033133],[19.172066,50.03303],[19.172574,50.033022],[19.172578,50.033125]]]},"id":"way/233215254"},
    {"type":"Feature","properties":{"@id":"way/233215255","building":"yes","historic":"building","name":"Blok 15"},"geometry":{"type":"Polygon","coordinates":[[[19.173293,50.033114],[19.172785,50.033122],[19.172781,50.033019],[19.173288,50.033011],[19.173293,50.033114]]]},"id":"way/233215255"},
    {"type":"Feature","properties":{"@id":"way/233215256","building":"yes","historic":"building","name":"Szpitalik blok 9"},"geometry":{"type":"Polygon","coordinates":[[[19.174078,50.033104],[19.17357,50.033111],[19.173566,50.033008],[19.174074,50.033],[19.174078,50.033104]]]},"id":"way/233215256"},
    {"type":"Feature","properties":{"@id":"way/233215257","building":"yes","historic":"building","name":"Blok 3"},"geometry":{"type":"Polygon","coordinates":[[[19.174863,50.033094],[19.174355,50.0331],[19.174351,50.032997],[19.174859,50.03299],[19.174863,50.033094]]]},"id":"way/233215257"},
    {"type":"Feature","properties":{"@id":"way/233215258","building":"yes","historic":"building","name":"Blok 26"},"geometry":{"type":"Polygon","coordinates":[[[19.171342,50.032803],[19.171848,50.032796],[19.171853,50.032898],[19.171617,50.032902],[19.171581,50.032903],[19.171346,50.032906],[19.171342,50.032803]]]},"id":"way/233215258"},
    {"type":"Feature","properties":{"@id":"way/233215259","building":"yes","historic":"building","name":"Blok 25"},"geometry":{"type":"Polygon","coordinates":[[[19.171844,50.032661],[19.171336,50.032669],[19.171333,50.032566],[19.17184,50.032558],[19.171844,50.032661]]]},"id":"way/233215259"},
    {"type":"Feature","properties":{"@id":"way/233215260","building":"yes","historic":"building","name":"Blok 20"},"geometry":{"type":"Polygon","coordinates":[[[19.172569,50.032888],[19.172062,50.032895],[19.172057,50.032792],[19.172566,50.032785],[19.172569,50.032888]]]},"id":"way/233215260"},
    {"type":"Feature","properties":{"@id":"way/233215261","building":"yes","historic":"building","name":"Blok 19"},"geometry":{"type":"Polygon","coordinates":[[[19.172561,50.032651],[19.172052,50.032659],[19.172047,50.032555],[19.172558,50.032547],[19.172561,50.032651]]]},"id":"way/233215261"},
    {"type":"Feature","properties":{"@id":"way/233215262","building":"yes","historic":"building","name":"Blok 14"},"geometry":{"type":"Polygon","coordinates":[[[19.173284,50.032877],[19.172776,50.032885],[19.172773,50.032782],[19.17328,50.032774],[19.173284,50.032877]]]},"id":"way/233215262"},
    {"type":"Feature","properties":{"@id":"way/233215263","building":"yes","historic":"building","name":"Blok 13"},"geometry":{"type":"Polygon","coordinates":[[[19.173276,50.032641],[19.172768,50.032648],[19.172764,50.032544],[19.173273,50.032538],[19.173276,50.032641]]]},"id":"way/233215263"},
    {"type":"Feature","properties":{"@id":"way/233215264","building":"yes","historic":"building","name":"Szpitalik blok 8"},"geometry":{"type":"Polygon","coordinates":[[[19.174068,50.032867],[19.17356,50.032874],[19.173556,50.032771],[19.174066,50.032764],[19.174068,50.032867]]]},"id":"way/233215264"},
    {"type":"Feature","properties":{"@id":"way/233215265","building":"yes","historic":"building","name":"Szpitalik blok 7"},"geometry":{"type":"Polygon","coordinates":[[[19.174062,50.03263],[19.173553,50.032636],[19.173549,50.032534],[19.174057,50.032527],[19.174062,50.03263]]]},"id":"way/233215265"},
    {"type":"Feature","properties":{"@id":"way/233215267","building":"yes","historic":"building","name":"Blok 2"},"geometry":{"type":"Polygon","coordinates":[[[19.174854,50.032857],[19.174346,50.032863],[19.174342,50.03276],[19.174851,50.032753],[19.174854,50.032857]]]},"id":"way/233215267"},
    {"type":"Feature","properties":{"@id":"way/233215270","building":"yes","historic":"building","name":"Blok 1"},"geometry":{"type":"Polygon","coordinates":[[[19.174846,50.032618],[19.174338,50.032626],[19.174335,50.032522],[19.174841,50.032515],[19.174846,50.032618]]]},"id":"way/233215270"},
    {"type":"Feature","properties":{"@id":"way/233215272","building":"barrack","historic":"building","name":"Barak dezynfekcyjny"},"geometry":{"type":"Polygon","coordinates":[[[19.175337,50.034038],[19.175174,50.034041],[19.175155,50.033463],[19.175318,50.033461],[19.175326,50.033696],[19.175493,50.033695],[19.175497,50.0338],[19.17533,50.033802],[19.175337,50.034038]]]},"id":"way/233215272"},
    {"type":"Feature","properties":{"@id":"way/233215273","building":"barrack","historic":"building","name":"Barak dezynfekcyjny"},"geometry":{"type":"Polygon","coordinates":[[[19.176286,50.033782],[19.176118,50.033784],[19.176114,50.03368],[19.176281,50.033677],[19.176271,50.033446],[19.176435,50.033444],[19.176456,50.034016],[19.176294,50.034018],[19.176286,50.033782]]]},"id":"way/233215273"},
    {"type":"Feature","properties":{"@id":"way/233215274","building":"yes","name":"Latryny i umywalnie"},"geometry":{"type":"Polygon","coordinates":[[[19.171828,50.032209],[19.171321,50.032216],[19.171319,50.032174],[19.171826,50.032167],[19.171828,50.032209]]]},"id":"way/233215274"},
    {"type":"Feature","properties":{"@id":"way/233215275","building":"yes","name":"Latryny i umywalnie"},"geometry":{"type":"Polygon","coordinates":[[[19.172545,50.032198],[19.172036,50.032205],[19.172035,50.032164],[19.172544,50.032156],[19.172545,50.032198]]]},"id":"way/233215275"},
    {"type":"Feature","properties":{"@id":"way/233215276","building":"yes","name":"Latryny i umywalnie"},"geometry":{"type":"Polygon","coordinates":[[[19.17326,50.032186],[19.172754,50.032195],[19.172752,50.032153],[19.173259,50.032145],[19.17326,50.032186]]]},"id":"way/233215276"},
    {"type":"Feature","properties":{"@id":"way/233215277","building":"yes","name":"Latryny i umywalnie"},"geometry":{"type":"Polygon","coordinates":[[[19.174046,50.032176],[19.173538,50.032183],[19.173536,50.032142],[19.174044,50.032134],[19.174046,50.032176]]]},"id":"way/233215277"},
    {"type":"Feature","properties":{"@id":"way/233215278","building":"yes","name":"Latryny i umywalnie"},"geometry":{"type":"Polygon","coordinates":[[[19.174829,50.032164],[19.174322,50.032171],[19.17432,50.03213],[19.174827,50.032122],[19.174829,50.032164]]]},"id":"way/233215278"},
    {"type":"Feature","properties":{"@id":"way/233215279","building":"barrack","name":"Barak kuchenny"},"geometry":{"type":"Polygon","coordinates":[[[19.175305,50.033087],[19.17514,50.033089],[19.175119,50.032511],[19.175283,50.032509],[19.175305,50.033087]]]},"id":"way/233215279"},
    {"type":"Feature","properties":{"@id":"way/233215280","building":"barrack","name":"Barak kuchenny"},"geometry":{"type":"Polygon","coordinates":[[[19.176421,50.033068],[19.176257,50.033071],[19.176234,50.032494],[19.176399,50.032491],[19.176421,50.033068]]]},"id":"way/233215280"},
    {"type":"Feature","properties":{"@id":"way/233216973","building":"yes","historic":"building","name:en":"Infirmary Block 5"},"geometry":{"type":"Polygon","coordinates":[[[19.180225,50.033456],[19.179944,50.033461],[19.179942,50.033387],[19.180188,50.033382],[19.180188,50.033373],[19.180222,50.033373],[19.180225,50.033456]]]},"id":"way/233216973"},
    {"type":"Feature","properties":{"@id":"way/233216974","barrier":"wall"},"geometry":{"type":"Polygon","coordinates":[[[19.1798369,50.0335188],[19.1798267,50.0333165],[19.1802947,50.0333068],[19.1802994,50.0335091],[19.1798369,50.0335188]]]},"id":"way/233216974"},
    {"type":"Feature","properties":{"@id":"way/233216975","building":"yes","historic":"building","name":"Blok 32"},"geometry":{"type":"Polygon","coordinates":[[[19.177205,50.033056],[19.176698,50.033063],[19.176695,50.03296],[19.177202,50.032952],[19.177205,50.033056]]]},"id":"way/233216975"},
    {"type":"Feature","properties":{"@id":"way/233216976","building":"yes","historic":"building","name":"Blok 31"},"geometry":{"type":"Polygon","coordinates":[[[19.177197,50.032818],[19.176689,50.032826],[19.176685,50.032723],[19.177193,50.032716],[19.177197,50.032818]]]},"id":"way/233216976"},
    {"type":"Feature","properties":{"@id":"way/233216977","building":"yes","historic":"building","name":"Blok 30"},"geometry":{"type":"Polygon","coordinates":[[[19.177187,50.032581],[19.176679,50.032589],[19.176675,50.032486],[19.177184,50.032478],[19.177187,50.032581]]]},"id":"way/233216977"},
    {"type":"Feature","properties":{"@id":"way/233216978","building":"yes","historic":"building","name":"Blok 25"},"geometry":{"type":"Polygon","coordinates":[[[19.177991,50.033043],[19.177483,50.033051],[19.177479,50.032948],[19.177987,50.032939],[19.177991,50.033043]]]},"id":"way/233216978"},
    {"type":"Feature","properties":{"@id":"way/233216979","building":"yes","historic":"building","name":"Blok 24"},"geometry":{"type":"Polygon","coordinates":[[[19.177982,50.032805],[19.177474,50.032813],[19.17747,50.03271],[19.177978,50.032702],[19.177982,50.032805]]]},"id":"way/233216979"},
    {"type":"Feature","properties":{"@id":"way/233216980","building":"yes","historic":"building","name":"Blok 23"},"geometry":{"type":"Polygon","coordinates":[[[19.17797,50.032568],[19.177464,50.032577],[19.177461,50.032473],[19.177967,50.032465],[19.17797,50.032568]]]},"id":"way/233216980"},
    {"type":"Feature","properties":{"@id":"way/233216981","building":"yes","historic":"building","name":"Blok 18"},"geometry":{"type":"Polygon","coordinates":[[[19.178706,50.033031],[19.178198,50.033039],[19.178194,50.032936],[19.178701,50.032928],[19.178706,50.033031]]]},"id":"way/233216981"},
    {"type":"Feature","properties":{"@id":"way/233216983","building":"yes","historic":"building","name":"Blok 17"},"geometry":{"type":"Polygon","coordinates":[[[19.178696,50.032794],[19.178189,50.032802],[19.178185,50.032699],[19.178691,50.03269],[19.178696,50.032794]]]},"id":"way/233216983"},
    {"type":"Feature","properties":{"@id":"way/233216984","building":"yes","historic":"building","name":"Blok 16"},"geometry":{"type":"Polygon","coordinates":[[[19.178686,50.032556],[19.178179,50.032565],[19.178175,50.032462],[19.178682,50.032454],[19.178686,50.032556]]]},"id":"way/233216984"},
    {"type":"Feature","properties":{"@id":"way/233216985","building":"yes","historic":"building","name":"Blok 11"},"geometry":{"type":"Polygon","coordinates":[[[19.179491,50.033018],[19.178983,50.033026],[19.178979,50.032923],[19.179486,50.032915],[19.179491,50.033018]]]},"id":"way/233216985"},
    {"type":"Feature","properties":{"@id":"way/233216986","building":"yes","historic":"building","name":"Blok 10"},"geometry":{"type":"Polygon","coordinates":[[[19.179481,50.032781],[19.178973,50.032789],[19.178969,50.032686],[19.179476,50.032677],[19.179481,50.032781]]]},"id":"way/233216986"},
    {"type":"Feature","properties":{"@id":"way/233216987","building":"yes","historic":"building","name":"Blok 9"},"geometry":{"type":"Polygon","coordinates":[[[19.179471,50.032544],[19.178963,50.032552],[19.17896,50.032449],[19.179467,50.032441],[19.179471,50.032544]]]},"id":"way/233216987"},
    {"type":"Feature","properties":{"@id":"way/233216988","building":"yes","historic":"building","name":"Blok 4"},"geometry":{"type":"Polygon","coordinates":[[[19.180205,50.033006],[19.179697,50.033015],[19.179693,50.032912],[19.180201,50.032904],[19.180205,50.033006]]]},"id":"way/233216988"},
    {"type":"Feature","properties":{"@id":"way/233216989","building":"yes","historic":"building","name":"Blok 3"},"geometry":{"type":"Polygon","coordinates":[[[19.180196,50.032769],[19.179688,50.032778],[19.179684,50.032676],[19.180191,50.032667],[19.180196,50.032769]]]},"id":"way/233216989"},
    {"type":"Feature","properties":{"@id":"way/233216990","building":"yes","historic":"building","name":"Blok 2"},"geometry":{"type":"Polygon","coordinates":[[[19.180186,50.032532],[19.179678,50.032541],[19.179675,50.032438],[19.180182,50.032429],[19.180186,50.032532]]]},"id":"way/233216990"},
    {"type":"Feature","properties":{"@id":"way/233216991","building":"yes","name":"Latryny i umywalnie"},"geometry":{"type":"Polygon","coordinates":[[[19.177169,50.032128],[19.176662,50.032137],[19.176661,50.032096],[19.177168,50.032087],[19.177169,50.032128]]]},"id":"way/233216991"},
    {"type":"Feature","properties":{"@id":"way/233216992","building":"yes","name":"Latryny i umywalnie"},"geometry":{"type":"Polygon","coordinates":[[[19.177953,50.032115],[19.177446,50.032124],[19.177444,50.032083],[19.177952,50.032074],[19.177953,50.032115]]]},"id":"way/233216992"},
    {"type":"Feature","properties":{"@id":"way/233216993","building":"yes","name":"Latryny i umywalnie"},"geometry":{"type":"Polygon","coordinates":[[[19.178669,50.032104],[19.178161,50.032112],[19.178159,50.032072],[19.178667,50.032063],[19.178669,50.032104]]]},"id":"way/233216993"},
    {"type":"Feature","properties":{"@id":"way/233216994","building":"yes","name":"Latryny i umywalnie"},"geometry":{"type":"Polygon","coordinates":[[[19.179453,50.032091],[19.178945,50.032099],[19.178943,50.032058],[19.179451,50.032051],[19.179453,50.032091]]]},"id":"way/233216994"},
    {"type":"Feature","properties":{"@id":"way/233216995","building":"yes","name":"Latryny i umywalnie"},"geometry":{"type":"Polygon","coordinates":[[[19.180165,50.032038],[19.180167,50.03208],[19.17966,50.032088],[19.179659,50.032047],[19.180165,50.032038]]]},"id":"way/233216995"},
    {"type":"Feature","properties":{"@id":"way/233216997","building":"barrack","historic":"building","name":"Latryny i umywalnie"},"geometry":{"type":"Polygon","coordinates":[[[19.179715,50.035279],[19.179714,50.035192],[19.180285,50.035185],[19.180286,50.035271],[19.179715,50.035279]]]},"id":"way/233216997"},
    {"type":"Feature","properties":{"@id":"way/233216998","building":"barrack","historic":"building","name":"Latryny i umywalnie"},"geometry":{"type":"Polygon","coordinates":[[[19.179719,50.035403],[19.18029,50.035395],[19.180293,50.035482],[19.179723,50.03549],[19.179719,50.035403]]]},"id":"way/233216998"},
    {"type":"Feature","properties":{"@id":"way/233216999","building":"barrack","historic":"building","name":"Blok 16","ref":"16"},"geometry":{"type":"Polygon","coordinates":[[[19.179734,50.035847],[19.179733,50.03576],[19.180303,50.035751],[19.180306,50.035837],[19.179734,50.035847]]]},"id":"way/233216999"},
    {"type":"Feature","properties":{"@id":"way/233217000","building":"barrack","historic":"building","name":"Blok 15","ref":"15"},"geometry":{"type":"Polygon","coordinates":[[[19.17974,50.035972],[19.18031,50.035963],[19.180313,50.03605],[19.179743,50.036059],[19.17974,50.035972]]]},"id":"way/233217000"},
    {"type":"Feature","properties":{"@id":"way/233217001","building":"barrack","historic":"building","name":"Blok 14","ref":"14"},"geometry":{"type":"Polygon","coordinates":[[[19.179748,50.036183],[19.180318,50.036174],[19.180321,50.036261],[19.17975,50.036271],[19.179748,50.036183]]]},"id":"way/233217001"},
    {"type":"Feature","properties":{"@id":"way/233217002","building":"barrack","historic":"building","name":"Blok 1","ref":"1"},"geometry":{"type":"Polygon","coordinates":[[[19.179861,50.039149],[19.180434,50.039141],[19.180436,50.039227],[19.179865,50.039237],[19.179861,50.039149]]]},"id":"way/233217002"},
    {"type":"Feature","properties":{"@id":"way/233217003","building":"barrack","historic":"building","name":"Blok 2","ref":"2"},"geometry":{"type":"Polygon","coordinates":[[[19.179854,50.038939],[19.180424,50.038929],[19.180427,50.039016],[19.179858,50.039026],[19.179854,50.038939]]]},"id":"way/233217003"},
    {"type":"Feature","properties":{"@id":"way/233217004","building":"barrack","historic":"building","name":"Blok 4","ref":"4"},"geometry":{"type":"Polygon","coordinates":[[[19.179838,50.038516],[19.180408,50.038506],[19.180411,50.038593],[19.179841,50.038602],[19.179838,50.038516]]]},"id":"way/233217004"},
    {"type":"Feature","properties":{"@id":"way/233217005","building":"barrack","historic":"building","name":"Blok 6","ref":"6"},"geometry":{"type":"Polygon","coordinates":[[[19.179821,50.038091],[19.180392,50.038082],[19.180395,50.038169],[19.179825,50.038178],[19.179821,50.038091]]]},"id":"way/233217005"},
    {"type":"Feature","properties":{"@id":"way/233217006","building":"barrack","historic":"building","name":"Blok 5","ref":"5"},"geometry":{"type":"Polygon","coordinates":[[[19.17983,50.038303],[19.180399,50.038294],[19.180403,50.03838],[19.179833,50.038389],[19.17983,50.038303]]]},"id":"way/233217006"},
    {"type":"Feature","properties":{"@id":"way/233217007","building":"barrack","historic":"building","name":"Latryny i umywalnie"},"geometry":{"type":"Polygon","coordinates":[[[19.179812,50.03788],[19.180382,50.03787],[19.180386,50.037957],[19.179816,50.037967],[19.179812,50.03788]]]},"id":"way/233217007"},
    {"type":"Feature","properties":{"@id":"way/233217008","building":"barrack","historic":"building","name":"Blok 7","ref":"7"},"geometry":{"type":"Polygon","coordinates":[[[19.179805,50.037667],[19.180375,50.037658],[19.180379,50.037745],[19.179809,50.037754],[19.179805,50.037667]]]},"id":"way/233217008"},
    {"type":"Feature","properties":{"@id":"way/233217009","building":"barrack","historic":"building","name":"Blok 8","ref":"8"},"geometry":{"type":"Polygon","coordinates":[[[19.179797,50.037456],[19.180368,50.037446],[19.180371,50.037533],[19.1798,50.037543],[19.179797,50.037456]]]},"id":"way/233217009"},
    {"type":"Feature","properties":{"@id":"way/233217010","building":"barrack","historic":"building","name":"Blok 9","ref":"9"},"geometry":{"type":"Polygon","coordinates":[[[19.179789,50.037244],[19.180359,50.037234],[19.180362,50.037321],[19.179792,50.037331],[19.179789,50.037244]]]},"id":"way/233217010"},
    {"type":"Feature","properties":{"@id":"way/233217011","building":"barrack","historic":"building","name":"Blok 11","ref":"11"},"geometry":{"type":"Polygon","coordinates":[[[19.17977,50.036819],[19.180341,50.03681],[19.180345,50.036897],[19.179773,50.036906],[19.17977,50.036819]]]},"id":"way/233217011"},
    {"type":"Feature","properties":{"@id":"way/233217012","building":"barrack","historic":"building","name":"Blok 10","ref":"10"},"geometry":{"type":"Polygon","coordinates":[[[19.179781,50.037031],[19.18035,50.037022],[19.180355,50.037109],[19.179784,50.037118],[19.179781,50.037031]]]},"id":"way/233217012"},
    {"type":"Feature","properties":{"@id":"way/233217013","building":"barrack","historic":"building","name":"Blok 12","ref":"12"},"geometry":{"type":"Polygon","coordinates":[[[19.179764,50.036607],[19.180334,50.036598],[19.180337,50.036685],[19.179766,50.036694],[19.179764,50.036607]]]},"id":"way/233217013"},
    {"type":"Feature","properties":{"@id":"way/233217014","building":"barrack","historic":"building","name":"Blok 13","ref":"13"},"geometry":{"type":"Polygon","coordinates":[[[19.179755,50.036395],[19.180325,50.036386],[19.180329,50.036473],[19.179759,50.036482],[19.179755,50.036395]]]},"id":"way/233217014"},
    {"type":"Feature","properties":{"@id":"way/233216997b","building":"yes"},"geometry":{"type":"Polygon","coordinates":[[[19.169601,50.032909],[19.169769,50.03284],[19.170361,50.032838],[19.170362,50.032907],[19.169601,50.032909]]]},"id":"way/387675803"},
    {"type":"Feature","properties":{"@id":"way/326305917","historic":"ruins","ruins":"barrack","ref":"16"},"geometry":{"type":"Polygon","coordinates":[[[19.1742571,50.0376283],[19.1742543,50.0375436],[19.1748156,50.037536],[19.1748184,50.0376207],[19.1742571,50.0376283]]]},"id":"way/326305917"},
    {"type":"Feature","properties":{"@id":"way/326305918","building":"barrack","historic":"building","name":"Blok 30","ref":"30"},"geometry":{"type":"Polygon","coordinates":[[[19.1779109,50.036089],[19.1779086,50.0360031],[19.1784962,50.0359967],[19.1784985,50.0360826],[19.1779109,50.036089]]]},"id":"way/326305918"},
    {"type":"Feature","properties":{"@id":"way/326305919","historic":"ruins","ruins":"barrack"},"geometry":{"type":"Polygon","coordinates":[[[19.1796458,50.0323063],[19.1796435,50.0322145],[19.1802139,50.0322086],[19.1802162,50.0323004],[19.1796458,50.0323063]]]},"id":"way/326305919"},
    {"type":"Feature","properties":{"@id":"way/326305920","historic":"ruins","ruins":"barrack"},"geometry":{"type":"Polygon","coordinates":[[[19.1724213,50.0380798],[19.172419,50.0379939],[19.1730067,50.0379875],[19.1730089,50.0380734],[19.1724213,50.0380798]]]},"id":"way/326305920"},
    {"type":"Feature","properties":{"@id":"way/326305921","historic":"ruins","ruins":"barrack","ref":"27"},"geometry":{"type":"Polygon","coordinates":[[[19.1770069,50.0363142],[19.1770046,50.0362283],[19.1775922,50.0362219],[19.1775945,50.0363078],[19.1770069,50.0363142]]]},"id":"way/326305921"},
    {"type":"Feature","properties":{"@id":"way/326305922","historic":"ruins","ruins":"barrack","ref":"4"},"geometry":{"type":"Polygon","coordinates":[[[19.1742918,50.0391116],[19.1742895,50.0390257],[19.1748772,50.0390193],[19.1748794,50.0391052],[19.1742918,50.0391116]]]},"id":"way/326305922"},
    {"type":"Feature","properties":{"@id":"way/326305923","historic":"ruins","ruins":"barrack","ref":"11"},"geometry":{"type":"Polygon","coordinates":[[[19.1751782,50.0382522],[19.1751759,50.0381662],[19.1757636,50.0381599],[19.1757659,50.0382458],[19.1751782,50.0382522]]]},"id":"way/326305923"},
    {"type":"Feature","properties":{"@id":"way/326305924","historic":"ruins","ruins":"barrack","ref":"26"},"geometry":{"type":"Polygon","coordinates":[[[19.1761044,50.036539],[19.1761021,50.036453],[19.1766897,50.0364467],[19.176692,50.0365326],[19.1761044,50.036539]]]},"id":"way/326305924"},
    {"type":"Feature","properties":{"@id":"way/326305925","historic":"ruins","ruins":"barrack","name":"Blok 12","ref":"12"},"geometry":{"type":"Polygon","coordinates":[[[19.1779857,50.0382016],[19.1779834,50.0381157],[19.1785711,50.0381093],[19.1785734,50.0381953],[19.1779857,50.0382016]]]},"id":"way/326305925"},
    {"type":"Feature","properties":{"@id":"way/326305926","historic":"ruins","ruins":"barrack"},"geometry":{"type":"Polygon","coordinates":[[[19.1727421,50.0338316],[19.1727399,50.0337457],[19.1733274,50.0337393],[19.1733297,50.0338252],[19.1727421,50.0338316]]]},"id":"way/326305926"},
    {"type":"Feature","properties":{"@id":"way/326305927","historic":"ruins","ruins":"barrack"},"geometry":{"type":"Polygon","coordinates":[[[19.1732642,50.0353815],[19.1732614,50.0352947],[19.17383,50.0352869],[19.1738329,50.0353737],[19.1732642,50.0353815]]]},"id":"way/326305927"},
    {"type":"Feature","properties":{"@id":"way/326305928","historic":"ruins","ruins":"barrack","ref":"32"},"geometry":{"type":"Polygon","coordinates":[[[19.1741987,50.0359345],[19.1741959,50.0358489],[19.1747636,50.0358411],[19.1747665,50.0359267],[19.1741987,50.0359345]]]},"id":"way/326305928"},
    {"type":"Feature","properties":{"@id":"way/326305929","historic":"ruins","ruins":"barrack"},"geometry":{"type":"Polygon","coordinates":[[[19.1770667,50.0380101],[19.1770644,50.0379242],[19.1776521,50.0379178],[19.1776544,50.0380037],[19.1770667,50.0380101]]]},"id":"way/326305929"},
    {"type":"Feature","properties":{"@id":"way/326305930","historic":"ruins","ruins":"barrack","ref":"21"},"geometry":{"type":"Polygon","coordinates":[[[19.1733125,50.0370056],[19.1733103,50.0369197],[19.1738979,50.0369133],[19.1739002,50.0369992],[19.1733125,50.0370056]]]},"id":"way/326305930"},
    {"type":"Feature","properties":{"@id":"way/326305931","historic":"ruins","ruins":"barrack"},"geometry":{"type":"Polygon","coordinates":[[[19.1713127,50.0406751],[19.1713102,50.0406133],[19.1715654,50.0406091],[19.1715678,50.0406709],[19.1713127,50.0406751]]]},"id":"way/326305931"},
    {"type":"Feature","properties":{"@id":"way/326305932","historic":"ruins","ruins":"barrack","name":"Blok 24","ref":"24"},"geometry":{"type":"Polygon","coordinates":[[[19.1779277,50.0367181],[19.1779254,50.0366322],[19.1785131,50.0366258],[19.1785153,50.0367117],[19.1779277,50.0367181]]]},"id":"way/326305932"},
    {"type":"Feature","properties":{"@id":"way/326305934","historic":"ruins","ruins":"barrack","ref":"14"},"geometry":{"type":"Polygon","coordinates":[[[19.176149,50.0378109],[19.1761467,50.037725],[19.1767343,50.0377186],[19.1767366,50.0378045],[19.176149,50.0378109]]]},"id":"way/326305934"},
    {"type":"Feature","properties":{"@id":"way/326305935","historic":"ruins","ruins":"barrack","ref":"18"},"geometry":{"type":"Polygon","coordinates":[[[19.1724115,50.0374443],[19.1724092,50.0373584],[19.1729968,50.0373521],[19.1729991,50.037438],[19.1724115,50.0374443]]]},"id":"way/326305935"},
    {"type":"Feature","properties":{"@id":"way/326305936","historic":"ruins","ruins":"barrack"},"geometry":{"type":"Polygon","coordinates":[[[19.1735087,50.0335757],[19.1735064,50.0334897],[19.174094,50.0334834],[19.1740963,50.0335693],[19.1735087,50.0335757]]]},"id":"way/326305936"},
    {"type":"Feature","properties":{"@id":"way/326305937","historic":"ruins","ruins":"barrack","ref":"10"},"geometry":{"type":"Polygon","coordinates":[[[19.1742817,50.0384792],[19.1742794,50.0383927],[19.1748522,50.0383851],[19.1748545,50.038471],[19.1742817,50.0384792]]]},"id":"way/326305937"},
    {"type":"Feature","properties":{"@id":"way/326305939","historic":"ruins","ruins":"barrack","ref":"27"},"geometry":{"type":"Polygon","coordinates":[[[19.1751184,50.036343],[19.1751159,50.0362562],[19.1756952,50.0362491],[19.1756978,50.0363359],[19.1751184,50.036343]]]},"id":"way/326305939"},
    {"type":"Feature","properties":{"@id":"way/326305941","historic":"ruins","ruins":"barrack","ref":"8"},"geometry":{"type":"Polygon","coordinates":[[[19.1721188,50.0384521],[19.1721074,50.0381814],[19.172215,50.0381795],[19.1722265,50.0384503],[19.1721188,50.0384521]]]},"id":"way/326305941"},
    {"type":"Feature","properties":{"@id":"way/326305942","historic":"ruins","ruins":"barrack","ref":"17"},"geometry":{"type":"Polygon","coordinates":[[[19.1733245,50.037429],[19.1733222,50.0373431],[19.1739099,50.0373368],[19.1739122,50.0374227],[19.1733245,50.037429]]]},"id":"way/326305942"},
    {"type":"Feature","properties":{"@id":"way/326305943","historic":"ruins","ruins":"barrack","name":"Blok 22","ref":"22"},"geometry":{"type":"Polygon","coordinates":[[[19.1779401,50.0369284],[19.1779378,50.0368425],[19.1785254,50.0368361],[19.1785277,50.036922],[19.1779401,50.0369284]]]},"id":"way/326305943"},
    {"type":"Feature","properties":{"@id":"way/326305944","historic":"ruins","ruins":"barrack","name":"Blok 27","ref":"27"},"geometry":{"type":"Polygon","coordinates":[[[19.1788229,50.0362816],[19.1788206,50.0361957],[19.1794082,50.0361893],[19.1794105,50.0362752],[19.1788229,50.0362816]]]},"id":"way/326305944"},
    {"type":"Feature","properties":{"@id":"way/326305945","historic":"ruins","ruins":"barrack","ref":"19"},"geometry":{"type":"Polygon","coordinates":[[[19.1770355,50.0371599],[19.1770332,50.037074],[19.1776209,50.0370676],[19.1776231,50.0371535],[19.1770355,50.0371599]]]},"id":"way/326305945"},
    {"type":"Feature","properties":{"@id":"way/326305946","historic":"ruins","ruins":"barrack","ref":"6"},"geometry":{"type":"Polygon","coordinates":[[[19.1721346,50.0389737],[19.1721232,50.038703],[19.1722309,50.0387011],[19.1722423,50.0389719],[19.1721346,50.0389737]]]},"id":"way/326305946"},
    {"type":"Feature","properties":{"@id":"way/326305947","historic":"ruins","ruins":"barrack"},"geometry":{"type":"Polygon","coordinates":[[[19.1775034,50.0340064],[19.1775011,50.0339205],[19.1780887,50.0339141],[19.178091,50.034],[19.1775034,50.0340064]]]},"id":"way/326305947"},
    {"type":"Feature","properties":{"@id":"way/326305948","historic":"ruins","ruins":"barrack","ref":"18"},"geometry":{"type":"Polygon","coordinates":[[[19.1761287,50.0373889],[19.1761264,50.037303],[19.176714,50.0372966],[19.1767163,50.0373825],[19.1761287,50.0373889]]]},"id":"way/326305948"},
    {"type":"Feature","properties":{"@id":"way/326305949","historic":"ruins","ruins":"barrack"},"geometry":{"type":"Polygon","coordinates":[[[19.1799628,50.0339721],[19.1799602,50.0338959],[19.1802366,50.0338919],[19.1802392,50.0339681],[19.1799628,50.0339721]]]},"id":"way/326305949"},
    {"type":"Feature","properties":{"@id":"way/326305950","historic":"ruins","ruins":"barrack","name":"Blok 23","ref":"23"},"geometry":{"type":"Polygon","coordinates":[[[19.1788348,50.0367085],[19.1788325,50.0366226],[19.1794201,50.0366162],[19.1794224,50.0367021],[19.1788348,50.0367085]]]},"id":"way/326305950"},
    {"type":"Feature","properties":{"@id":"way/326305951","historic":"ruins","ruins":"barrack","ref":"1"},"geometry":{"type":"Polygon","coordinates":[[[19.1718819,50.040147],[19.1718705,50.0398762],[19.1719782,50.0398744],[19.1719896,50.0401452],[19.1718819,50.040147]]]},"id":"way/326305951"},
    {"type":"Feature","properties":{"@id":"way/326305952","historic":"ruins","ruins":"barrack"},"geometry":{"type":"Polygon","coordinates":[[[19.1774201,50.0323583],[19.1774178,50.0322665],[19.1779882,50.0322606],[19.1779905,50.0323524],[19.1774201,50.0323583]]]},"id":"way/326305952"},
    {"type":"Feature","properties":{"@id":"way/326305953","historic":"ruins","ruins":"barrack","ref":"14"},"geometry":{"type":"Polygon","coordinates":[[[19.1742628,50.0378402],[19.1742605,50.037754],[19.1748255,50.0377478],[19.1748278,50.0378339],[19.1742628,50.0378402]]]},"id":"way/326305953"},
    {"type":"Feature","properties":{"@id":"way/326305954","historic":"ruins","ruins":"barrack"},"geometry":{"type":"Polygon","coordinates":[[[19.1743249,50.0340558],[19.1743226,50.0339698],[19.1749102,50.0339635],[19.1749125,50.0340494],[19.1743249,50.0340558]]]},"id":"way/326305954"},
    {"type":"Feature","properties":{"@id":"way/326305955","historic":"ruins","ruins":"barrack"},"geometry":{"type":"Polygon","coordinates":[[[19.1747746,50.0406206],[19.1747728,50.040559],[19.1750259,50.040556],[19.1750277,50.0406175],[19.1747746,50.0406206]]]},"id":"way/326305955"},
    {"type":"Feature","properties":{"@id":"way/326305956","historic":"ruins","ruins":"barrack","name":"Blok 16","ref":"16"},"geometry":{"type":"Polygon","coordinates":[[[19.1779601,50.037567],[19.1779578,50.037481],[19.1785454,50.0374747],[19.1785477,50.0375606],[19.1779601,50.037567]]]},"id":"way/326305956"},
    {"type":"Feature","properties":{"@id":"way/326305957","historic":"ruins","ruins":"barrack","name":"Blok 7","ref":"7"},"geometry":{"type":"Polygon","coordinates":[[[19.1789011,50.0386156],[19.1788988,50.0385297],[19.1794865,50.0385233],[19.1794887,50.0386092],[19.1789011,50.0386156]]]},"id":"way/326305957"},
    {"type":"Feature","properties":{"@id":"way/326305958","historic":"ruins","ruins":"barrack"},"geometry":{"type":"Polygon","coordinates":[[[19.1789784,50.0334867],[19.1789761,50.0334008],[19.1795637,50.0333944],[19.179566,50.0334803],[19.1789784,50.0334867]]]},"id":"way/326305958"},
    {"type":"Feature","properties":{"@id":"way/326305959","historic":"ruins","ruins":"barrack"},"geometry":{"type":"Polygon","coordinates":[[[19.1767029,50.0337734],[19.1767007,50.0336874],[19.1772882,50.0336811],[19.1772905,50.033767],[19.1767029,50.0337734]]]},"id":"way/326305959"},
    {"type":"Feature","properties":{"@id":"way/326305960","historic":"ruins","ruins":"barrack","ref":"6"},"geometry":{"type":"Polygon","coordinates":[[[19.1724692,50.0389248],[19.1724669,50.0388388],[19.1730545,50.0388325],[19.1730568,50.0389184],[19.1724692,50.0389248]]]},"id":"way/326305960"},
    {"type":"Feature","properties":{"@id":"way/326305961","historic":"ruins","ruins":"barrack"},"geometry":{"type":"Polygon","coordinates":[[[19.1769707,50.0353231],[19.1769684,50.0352372],[19.177556,50.0352308],[19.1775583,50.0353167],[19.1769707,50.0353231]]]},"id":"way/326305961"},
    {"type":"Feature","properties":{"@id":"way/326305962","historic":"ruins","ruins":"barrack","ref":"3"},"geometry":{"type":"Polygon","coordinates":[[[19.1752029,50.0390957],[19.1752006,50.0390098],[19.1757883,50.0390034],[19.1757906,50.0390894],[19.1752029,50.0390957]]]},"id":"way/326305962"},
    {"type":"Feature","properties":{"@id":"way/326305963","historic":"ruins","ruins":"barrack"},"geometry":{"type":"Polygon","coordinates":[[[19.1733531,50.0380676],[19.1733508,50.0379817],[19.1739385,50.0379753],[19.1739407,50.0380612],[19.1733531,50.0380676]]]},"id":"way/326305963"},
    {"type":"Feature","properties":{"@id":"way/326305964","historic":"ruins","ruins":"barrack"},"geometry":{"type":"Polygon","coordinates":[[[19.1760539,50.0355438],[19.1760516,50.0354579],[19.1766392,50.0354515],[19.1766415,50.0355374],[19.1760539,50.0355438]]]},"id":"way/326305964"},
    {"type":"Feature","properties":{"@id":"way/326305965","historic":"ruins","ruins":"barrack","name":"Blok 2","ref":"2"},"geometry":{"type":"Polygon","coordinates":[[[19.1780276,50.0392607],[19.1780254,50.0391748],[19.178613,50.0391685],[19.1786153,50.0392544],[19.1780276,50.0392607]]]},"id":"way/326305965"},
    {"type":"Feature","properties":{"@id":"way/326305966","historic":"ruins","ruins":"barrack","ref":"18"},"geometry":{"type":"Polygon","coordinates":[[[19.1742511,50.0374171],[19.1742483,50.0373312],[19.1748109,50.0373234],[19.1748138,50.0374093],[19.1742511,50.0374171]]]},"id":"way/326305966"},
    {"type":"Feature","properties":{"@id":"way/326305967","historic":"ruins","ruins":"barrack","ref":"5"},"geometry":{"type":"Polygon","coordinates":[[[19.1770932,50.0388572],[19.1770909,50.0387713],[19.1776785,50.0387649],[19.1776808,50.0388509],[19.1770932,50.0388572]]]},"id":"way/326305967"},
    {"type":"Feature","properties":{"@id":"way/326305968","historic":"ruins","ruins":"barrack","name":"Blok 32","ref":"32"},"geometry":{"type":"Polygon","coordinates":[[[19.1778984,50.0358768],[19.1778961,50.0357908],[19.1784837,50.0357845],[19.178486,50.0358704],[19.1778984,50.0358768]]]},"id":"way/326305968"},
    {"type":"Feature","properties":{"@id":"way/326305969","historic":"ruins","ruins":"barrack","ref":"9"},"geometry":{"type":"Polygon","coordinates":[[[19.1733598,50.0384878],[19.1733575,50.0384019],[19.1739451,50.0383955],[19.1739474,50.0384814],[19.1733598,50.0384878]]]},"id":"way/326305969"},
    {"type":"Feature","properties":{"@id":"way/326305970","historic":"ruins","ruins":"barrack","ref":"8"},"geometry":{"type":"Polygon","coordinates":[[[19.1761801,50.0386593],[19.1761778,50.0385734],[19.1767655,50.038567],[19.1767678,50.0386529],[19.1761801,50.0386593]]]},"id":"way/326305970"},
    {"type":"Feature","properties":{"@id":"way/326305971","historic":"ruins","ruins":"barrack","ref":"12"},"geometry":{"type":"Polygon","coordinates":[[[19.1724444,50.0382894],[19.1724421,50.0382034],[19.1730298,50.0381971],[19.173032,50.038283],[19.1724444,50.0382894]]]},"id":"way/326305971"},
    {"type":"Feature","properties":{"@id":"way/326305972","historic":"ruins","ruins":"barrack","name":"Blok 17","ref":"17"},"geometry":{"type":"Polygon","coordinates":[[[19.1788606,50.0373401],[19.1788583,50.0372542],[19.1794459,50.0372478],[19.1794482,50.0373337],[19.1788606,50.0373401]]]},"id":"way/326305972"},
    {"type":"Feature","properties":{"@id":"way/326305973","historic":"ruins","ruins":"barrack","ref":"29"},"geometry":{"type":"Polygon","coordinates":[[[19.1769969,50.0361042],[19.1769946,50.0360183],[19.1775822,50.0360119],[19.1775845,50.0360978],[19.1769969,50.0361042]]]},"id":"way/326305973"},
    {"type":"Feature","properties":{"@id":"way/326305975","historic":"ruins","ruins":"barrack","ref":"2"},"geometry":{"type":"Polygon","coordinates":[[[19.1743032,50.0393222],[19.1743009,50.0392363],[19.1748885,50.0392299],[19.1748908,50.0393158],[19.1743032,50.0393222]]]},"id":"way/326305975"},
    {"type":"Feature","properties":{"@id":"way/326305977","historic":"ruins","ruins":"barrack","name":"Blok 9","ref":"9"},"geometry":{"type":"Polygon","coordinates":[[[19.1788961,50.0384045],[19.1788938,50.0383186],[19.1794815,50.0383122],[19.1794838,50.0383981],[19.1788961,50.0384045]]]},"id":"way/326305977"},
    {"type":"Feature","properties":{"@id":"way/326305979","historic":"ruins","ruins":"barrack"},"geometry":{"type":"Polygon","coordinates":[[[19.1750856,50.0353536],[19.1750827,50.0352677],[19.1756592,50.0352594],[19.1756622,50.0353453],[19.1750856,50.0353536]]]},"id":"way/326305979"},
    {"type":"Feature","properties":{"@id":"way/326305981","historic":"ruins","ruins":"barrack","ref":"28"},"geometry":{"type":"Polygon","coordinates":[[[19.176099,50.0363272],[19.1760967,50.0362413],[19.1766843,50.0362349],[19.1766866,50.0363208],[19.176099,50.0363272]]]},"id":"way/326305981"},
    {"type":"Feature","properties":{"@id":"way/326305983","historic":"ruins","ruins":"barrack","name":"Blok 10","ref":"10"},"geometry":{"type":"Polygon","coordinates":[[[19.1779953,50.0384176],[19.177993,50.0383317],[19.1785807,50.0383253],[19.178583,50.0384112],[19.1779953,50.0384176]]]},"id":"way/326305983"},
    {"type":"Feature","properties":{"@id":"way/326305985","historic":"ruins","ruins":"barrack","ref":"3"},"geometry":{"type":"Polygon","coordinates":[[[19.1718666,50.0397598],[19.1718551,50.039489],[19.1719628,50.0394872],[19.1719743,50.039758],[19.1718666,50.0397598]]]},"id":"way/326305985"},
    {"type":"Feature","properties":{"@id":"way/326305987","historic":"ruins","ruins":"barrack","name":"Blok 13","ref":"13"},"geometry":{"type":"Polygon","coordinates":[[[19.1788753,50.0377719],[19.178873,50.037686],[19.1794607,50.0376796],[19.179463,50.0377655],[19.1788753,50.0377719]]]},"id":"way/326305987"},
    {"type":"Feature","properties":{"@id":"way/326305989","historic":"ruins","ruins":"barrack","ref":"11"},"geometry":{"type":"Polygon","coordinates":[[[19.1770629,50.038217],[19.1770606,50.0381311],[19.1776482,50.0381247],[19.1776505,50.0382106],[19.1770629,50.038217]]]},"id":"way/326305989"},
    {"type":"Feature","properties":{"@id":"way/326305992","historic":"ruins","ruins":"barrack"},"geometry":{"type":"Polygon","coordinates":[[[19.1743173,50.0338075],[19.174315,50.0337215],[19.1749026,50.0337152],[19.1749049,50.0338011],[19.1743173,50.0338075]]]},"id":"way/326305992"},
    {"type":"Feature","properties":{"@id":"way/326305994","historic":"ruins","ruins":"barrack"},"geometry":{"type":"Polygon","coordinates":[[[19.1782152,50.0335029],[19.1782129,50.0334169],[19.1788005,50.0334105],[19.1788028,50.0334965],[19.1782152,50.0335029]]]},"id":"way/326305994"},
    {"type":"Feature","properties":{"@id":"way/326305995","historic":"ruins","ruins":"barrack"},"geometry":{"type":"Polygon","coordinates":[[[19.178815,50.0355053],[19.1788127,50.0354194],[19.1794003,50.035413],[19.1794026,50.0354989],[19.178815,50.0355053]]]},"id":"way/326305995"},
    {"type":"Feature","properties":{"@id":"way/326305996","historic":"ruins","ruins":"barrack"},"geometry":{"type":"Polygon","coordinates":[[[19.1761545,50.0380196],[19.1761522,50.0379337],[19.1767398,50.0379273],[19.1767421,50.0380133],[19.1761545,50.0380196]]]},"id":"way/326305996"},
    {"type":"Feature","properties":{"@id":"way/326305997","historic":"ruins","ruins":"barrack","ref":"32"},"geometry":{"type":"Polygon","coordinates":[[[19.1723887,50.0359621],[19.1723873,50.035875],[19.1729343,50.0358662],[19.1729393,50.0359545],[19.1723887,50.0359621]]]},"id":"way/326305997"},
    {"type":"Feature","properties":{"@id":"way/326305998","historic":"ruins","ruins":"barrack","ref":"8"},"geometry":{"type":"Polygon","coordinates":[[[19.1742728,50.0386902],[19.1742705,50.0386043],[19.1748582,50.0385979],[19.1748605,50.0386838],[19.1742728,50.0386902]]]},"id":"way/326305998"},
    {"type":"Feature","properties":{"@id":"way/326305999","historic":"ruins","ruins":"barrack","ref":"29"},"geometry":{"type":"Polygon","coordinates":[[[19.1751157,50.036132],[19.1751132,50.036047],[19.1756888,50.0360399],[19.1756913,50.036125],[19.1751157,50.036132]]]},"id":"way/326305999"},
    {"type":"Feature","properties":{"@id":"way/326306000","historic":"ruins","ruins":"barrack","name":"Blok 14","ref":"14"},"geometry":{"type":"Polygon","coordinates":[[[19.1779667,50.0377829],[19.1779644,50.037697],[19.1785521,50.0376906],[19.1785544,50.0377765],[19.1779667,50.0377829]]]},"id":"way/326306000"},
    {"type":"Feature","properties":{"@id":"way/326306001","historic":"ruins","ruins":"barrack"},"geometry":{"type":"Polygon","coordinates":[[[19.1720367,50.0340875],[19.1720344,50.0340016],[19.172622,50.0339952],[19.1726243,50.0340812],[19.1720367,50.0340875]]]},"id":"way/326306001"},
    {"type":"Feature","properties":{"@id":"way/326306002","historic":"ruins","ruins":"barrack","ref":"31"},"geometry":{"type":"Polygon","coordinates":[[[19.1732871,50.0359474],[19.1732843,50.0358603],[19.1738484,50.0358528],[19.1738512,50.0359399],[19.1732871,50.0359474]]]},"id":"way/326306002"},
    {"type":"Feature","properties":{"@id":"way/326306003","historic":"ruins","ruins":"barrack","ref":"21"},"geometry":{"type":"Polygon","coordinates":[[[19.1770254,50.036947],[19.1770231,50.0368611],[19.1776107,50.0368547],[19.177613,50.0369406],[19.1770254,50.036947]]]},"id":"way/326306003"},
    {"type":"Feature","properties":{"@id":"way/326306004","historic":"ruins","ruins":"barrack","ref":"25"},"geometry":{"type":"Polygon","coordinates":[[[19.1733102,50.0364978],[19.1738838,50.0364878],[19.1738874,50.0365742],[19.1733139,50.0365841],[19.1733102,50.0364978]]]},"id":"way/326306004"},
    {"type":"Feature","properties":{"@id":"way/326306005","historic":"ruins","ruins":"barrack"},"geometry":{"type":"Polygon","coordinates":[[[19.1762344,50.0324131],[19.1762314,50.0322905],[19.1763523,50.0322893],[19.1763553,50.032412],[19.1762344,50.0324131]]]},"id":"way/326306005"},
    {"type":"Feature","properties":{"@id":"way/326306006","historic":"ruins","ruins":"barrack","ref":"20"},"geometry":{"type":"Polygon","coordinates":[[[19.1761255,50.0371726],[19.1761232,50.0370867],[19.1767109,50.0370803],[19.1767132,50.0371663],[19.1761255,50.0371726]]]},"id":"way/326306006"},
    {"type":"Feature","properties":{"@id":"way/326306007","historic":"ruins","ruins":"barrack","ref":"2"},"geometry":{"type":"Polygon","coordinates":[[[19.1724949,50.0393505],[19.1724916,50.0392651],[19.1730574,50.0392559],[19.1730607,50.0393414],[19.1724949,50.0393505]]]},"id":"way/326306007"},
    {"type":"Feature","properties":{"@id":"way/326306008","historic":"ruins","ruins":"barrack","ref":"18"},"geometry":{"type":"Polygon","coordinates":[[[19.1711139,50.0379277],[19.171098,50.0375296],[19.1713006,50.0375257],[19.171316,50.0379221],[19.1711139,50.0379277]]]},"id":"way/326306008"},
    {"type":"Feature","properties":{"@id":"way/326306009","historic":"ruins","ruins":"barrack"},"geometry":{"type":"Polygon","coordinates":[[[19.1742686,50.0380539],[19.1742662,50.0379679],[19.1748331,50.0379614],[19.1748354,50.0380474],[19.1742686,50.0380539]]]},"id":"way/326306009"},
    {"type":"Feature","properties":{"@id":"way/326306010","historic":"ruins","ruins":"barrack","ref":"23"},"geometry":{"type":"Polygon","coordinates":[[[19.1751324,50.0367689],[19.1751293,50.0366824],[19.1757104,50.0366742],[19.1757127,50.0367601],[19.1751324,50.0367689]]]},"id":"way/326306010"},
    {"type":"Feature","properties":{"@id":"way/326306011","historic":"ruins","ruins":"barrack","ref":"10"},"geometry":{"type":"Polygon","coordinates":[[[19.1720924,50.037877],[19.172081,50.0376062],[19.1721887,50.0376044],[19.1722001,50.0378752],[19.1720924,50.037877]]]},"id":"way/326306011"},
    {"type":"Feature","properties":{"@id":"way/326306012","historic":"ruins","ruins":"barrack","name":"Blok 18","ref":"18"},"geometry":{"type":"Polygon","coordinates":[[[19.1779475,50.0373566],[19.1779453,50.0372707],[19.1785329,50.0372643],[19.1785352,50.0373503],[19.1779475,50.0373566]]]},"id":"way/326306012"},
    {"type":"Feature","properties":{"@id":"way/326306013","historic":"ruins","ruins":"barrack","name":"Blok 31","ref":"31"},"geometry":{"type":"Polygon","coordinates":[[[19.1788136,50.0358616],[19.1788113,50.0357757],[19.1793989,50.0357693],[19.1794012,50.0358552],[19.1788136,50.0358616]]]},"id":"way/326306013"},
    {"type":"Feature","properties":{"@id":"way/326306014","historic":"ruins","ruins":"barrack"},"geometry":{"type":"Polygon","coordinates":[[[19.1789621,50.0323141],[19.1789598,50.0322223],[19.1795301,50.0322165],[19.1795324,50.0323083],[19.1789621,50.0323141]]]},"id":"way/326306014"},
    {"type":"Feature","properties":{"@id":"way/326306015","historic":"ruins","ruins":"barrack","ref":"4"},"geometry":{"type":"Polygon","coordinates":[[[19.1724724,50.0391345],[19.1724701,50.0390485],[19.1730578,50.0390422],[19.1730601,50.0391281],[19.1724724,50.0391345]]]},"id":"way/326306015"},
    {"type":"Feature","properties":{"@id":"way/326306016","historic":"ruins","ruins":"barrack","ref":"12"},"geometry":{"type":"Polygon","coordinates":[[[19.171175,50.0384646],[19.1711743,50.038447],[19.1711236,50.0384478],[19.1711196,50.0383503],[19.1711714,50.0383494],[19.171161,50.0380954],[19.1713201,50.0380927],[19.1713352,50.0384619],[19.171175,50.0384646]]]},"id":"way/326306016"},
    {"type":"Feature","properties":{"@id":"way/326306017","historic":"ruins","ruins":"barrack","ref":"15"},"geometry":{"type":"Polygon","coordinates":[[[19.1770488,50.0375843],[19.1770465,50.0374984],[19.1776342,50.037492],[19.1776364,50.0375779],[19.1770488,50.0375843]]]},"id":"way/326306017"},
    {"type":"Feature","properties":{"@id":"way/326306018","historic":"ruins","ruins":"barrack","ref":"21"},"geometry":{"type":"Polygon","coordinates":[[[19.1751258,50.0369778],[19.1751235,50.0368918],[19.1757111,50.0368855],[19.1757134,50.0369714],[19.1751258,50.0369778]]]},"id":"way/326306018"},
    {"type":"Feature","properties":{"@id":"way/326306019","historic":"ruins","ruins":"barrack"},"geometry":{"type":"Polygon","coordinates":[[[19.1760508,50.0353351],[19.1760485,50.0352492],[19.1766361,50.0352428],[19.1766384,50.0353287],[19.1760508,50.0353351]]]},"id":"way/326306019"},
    {"type":"Feature","properties":{"@id":"way/326306020","historic":"ruins","ruins":"barrack"},"geometry":{"type":"Polygon","coordinates":[[[19.1803099,50.0405325],[19.1803081,50.0404713],[19.1805652,50.0404682],[19.1805669,50.0405295],[19.1803099,50.0405325]]]},"id":"way/326306020"},
    {"type":"Feature","properties":{"@id":"way/326306023","historic":"ruins","ruins":"barrack","ref":"13"},"geometry":{"type":"Polygon","coordinates":[[[19.1711937,50.0390672],[19.1711785,50.0387046],[19.1713282,50.038702],[19.1713435,50.0390645],[19.1711937,50.0390672]]]},"id":"way/326306023"},
    {"type":"Feature","properties":{"@id":"way/326306025","historic":"ruins","ruins":"barrack","ref":"26"},"geometry":{"type":"Polygon","coordinates":[[[19.1742146,50.0365703],[19.1742119,50.0364835],[19.1747852,50.0364762],[19.1747879,50.036563],[19.1742146,50.0365703]]]},"id":"way/326306025"},
    {"type":"Feature","properties":{"@id":"way/326306027","historic":"ruins","ruins":"barrack","ref":"3"},"geometry":{"type":"Polygon","coordinates":[[[19.1771055,50.0390672],[19.1771032,50.0389813],[19.1776909,50.0389749],[19.1776932,50.0390608],[19.1771055,50.0390672]]]},"id":"way/326306027"},
    {"type":"Feature","properties":{"@id":"way/326306029","historic":"ruins","ruins":"barrack","ref":"19"},"geometry":{"type":"Polygon","coordinates":[[[19.1733168,50.0372207],[19.1733145,50.0371348],[19.1739021,50.0371284],[19.1739044,50.0372143],[19.1733168,50.0372207]]]},"id":"way/326306029"},
    {"type":"Feature","properties":{"@id":"way/326306030","historic":"ruins","ruins":"barrack"},"geometry":{"type":"Polygon","coordinates":[[[19.1729567,50.0406474],[19.1729537,50.0405869],[19.1732126,50.040583],[19.1732146,50.0406436],[19.1729567,50.0406474]]]},"id":"way/326306030"},
    {"type":"Feature","properties":{"@id":"way/326306032","historic":"ruins","ruins":"barrack","ref":"6"},"geometry":{"type":"Polygon","coordinates":[[[19.1761879,50.0388694],[19.1761856,50.0387835],[19.1767733,50.0387771],[19.1767755,50.038863],[19.1761879,50.0388694]]]},"id":"way/326306032"},
    {"type":"Feature","properties":{"@id":"way/326306034","historic":"ruins","ruins":"barrack","ref":"24"},"geometry":{"type":"Polygon","coordinates":[[[19.1723969,50.0368042],[19.1723946,50.0367183],[19.1729822,50.0367119],[19.1729845,50.0367978],[19.1723969,50.0368042]]]},"id":"way/326306034"},
    {"type":"Feature","properties":{"@id":"way/326306036","historic":"ruins","ruins":"barrack","name":"Blok 1","ref":"1"},"geometry":{"type":"Polygon","coordinates":[[[19.1789335,50.039251],[19.1789312,50.0391651],[19.1795189,50.0391587],[19.1795211,50.0392446],[19.1789335,50.039251]]]},"id":"way/326306036"},
    {"type":"Feature","properties":{"@id":"way/326306037","historic":"ruins","ruins":"barrack"},"geometry":{"type":"Polygon","coordinates":[[[19.1735297,50.0338195],[19.1735274,50.0337336],[19.174115,50.0337272],[19.1741173,50.0338132],[19.1735297,50.0338195]]]},"id":"way/326306037"},
    {"type":"Feature","properties":{"@id":"way/326306039","historic":"ruins","ruins":"barrack","ref":"27"},"geometry":{"type":"Polygon","coordinates":[[[19.1732822,50.0363704],[19.1732799,50.0362845],[19.1738675,50.0362781],[19.1738698,50.036364],[19.1732822,50.0363704]]]},"id":"way/326306039"},
    {"type":"Feature","properties":{"@id":"way/326306040","historic":"ruins","ruins":"barrack","ref":"1"},"geometry":{"type":"Polygon","coordinates":[[[19.1733891,50.0393371],[19.1733868,50.0392512],[19.1739745,50.0392449],[19.1739768,50.0393308],[19.1733891,50.0393371]]]},"id":"way/326306040"},
    {"type":"Feature","properties":{"@id":"way/326306042","historic":"ruins","ruins":"barrack","ref":"15"},"geometry":{"type":"Polygon","coordinates":[[[19.1751629,50.037617],[19.1751606,50.0375311],[19.1757483,50.0375247],[19.1757505,50.0376106],[19.1751629,50.037617]]]},"id":"way/326306042"},
    {"type":"Feature","properties":{"@id":"way/326306044","historic":"ruins","ruins":"barrack","ref":"15"},"geometry":{"type":"Polygon","coordinates":[[[19.1733341,50.0376419],[19.1733318,50.037556],[19.1739195,50.0375496],[19.1739217,50.0376355],[19.1733341,50.0376419]]]},"id":"way/326306044"},
    {"type":"Feature","properties":{"@id":"way/326306046","historic":"ruins","ruins":"barrack","name":"Blok 8","ref":"8"},"geometry":{"type":"Polygon","coordinates":[[[19.178002,50.0386335],[19.1779997,50.0385476],[19.1785874,50.0385412],[19.1785896,50.0386272],[19.178002,50.0386335]]]},"id":"way/326306046"},
    {"type":"Feature","properties":{"@id":"way/326306047","historic":"ruins","ruins":"barrack","name":"Blok 25","ref":"25"},"geometry":{"type":"Polygon","coordinates":[[[19.1788315,50.0364967],[19.1788292,50.0364108],[19.1794168,50.0364044],[19.1794191,50.0364903],[19.1788315,50.0364967]]]},"id":"way/326306047"},
    {"type":"Feature","properties":{"@id":"way/326306049","historic":"ruins","ruins":"barrack","ref":"9"},"geometry":{"type":"Polygon","coordinates":[[[19.1770776,50.0384329],[19.1770754,50.038347],[19.177663,50.0383406],[19.1776653,50.0384265],[19.1770776,50.0384329]]]},"id":"way/326306049"},
    {"type":"Feature","properties":{"@id":"way/326306051","historic":"ruins","ruins":"barrack","ref":"7"},"geometry":{"type":"Polygon","coordinates":[[[19.171843,50.0389808],[19.1718315,50.0387101],[19.1719392,50.0387082],[19.1719507,50.038979],[19.171843,50.0389808]]]},"id":"way/326306051"},
    {"type":"Feature","properties":{"@id":"way/326306053","historic":"ruins","ruins":"barrack"},"geometry":{"type":"Polygon","coordinates":[[[19.1766955,50.0335264],[19.1766932,50.0334405],[19.1772808,50.0334341],[19.1772831,50.03352],[19.1766955,50.0335264]]]},"id":"way/326306053"},
    {"type":"Feature","properties":{"@id":"way/326306054","historic":"ruins","ruins":"barrack","ref":"12"},"geometry":{"type":"Polygon","coordinates":[[[19.1761623,50.0382359],[19.17616,50.03815],[19.1767476,50.0381436],[19.1767499,50.0382295],[19.1761623,50.0382359]]]},"id":"way/326306054"},
    {"type":"Feature","properties":{"@id":"way/326306055","historic":"ruins","ruins":"barrack","ref":"30"},"geometry":{"type":"Polygon","coordinates":[[[19.1723817,50.0361662],[19.1723797,50.0360803],[19.1729548,50.0360746],[19.1729569,50.0361605],[19.1723817,50.0361662]]]},"id":"way/326306055"},
    {"type":"Feature","properties":{"@id":"way/326306056","historic":"ruins","ruins":"barrack","name":"Blok 21","ref":"21"},"geometry":{"type":"Polygon","coordinates":[[[19.1788434,50.0369218],[19.1788411,50.0368359],[19.1794287,50.0368295],[19.179431,50.0369154],[19.1788434,50.0369218]]]},"id":"way/326306056"},
    {"type":"Feature","properties":{"@id":"way/326306057","historic":"ruins","ruins":"barrack","ref":"6"},"geometry":{"type":"Polygon","coordinates":[[[19.174284,50.0388987],[19.1742818,50.0388127],[19.1748694,50.0388064],[19.1748717,50.0388923],[19.174284,50.0388987]]]},"id":"way/326306057"},
    {"type":"Feature","properties":{"@id":"way/326306058","historic":"ruins","ruins":"barrack"},"geometry":{"type":"Polygon","coordinates":[[[19.1788866,50.037982],[19.1788843,50.0378961],[19.1794719,50.0378897],[19.1794742,50.0379756],[19.1788866,50.037982]]]},"id":"way/326306058"},
    {"type":"Feature","properties":{"@id":"way/326306059","historic":"ruins","ruins":"barrack","ref":"31"},"geometry":{"type":"Polygon","coordinates":[[[19.175104,50.0359197],[19.1751011,50.0358332],[19.1756771,50.0358252],[19.1756801,50.0359117],[19.175104,50.0359197]]]},"id":"way/326306059"},
    {"type":"Feature","properties":{"@id":"way/326306060","historic":"ruins","ruins":"barrack"},"geometry":{"type":"Polygon","coordinates":[[[19.1779734,50.0379913],[19.1779711,50.0379054],[19.1785587,50.037899],[19.178561,50.0379849],[19.1779734,50.0379913]]]},"id":"way/326306060"},
    {"type":"Feature","properties":{"@id":"way/326306061","historic":"ruins","ruins":"barrack"},"geometry":{"type":"Polygon","coordinates":[[[19.1789925,50.033738],[19.1789902,50.0336521],[19.1795778,50.0336457],[19.1795801,50.0337316],[19.1789925,50.033738]]]},"id":"way/326306061"},
    {"type":"Feature","properties":{"@id":"way/326306062","historic":"ruins","ruins":"barrack","ref":"5"},"geometry":{"type":"Polygon","coordinates":[[[19.1718547,50.0393636],[19.1718432,50.0390928],[19.1719509,50.039091],[19.1719624,50.0393618],[19.1718547,50.0393636]]]},"id":"way/326306062"},
    {"type":"Feature","properties":{"@id":"way/326306063","historic":"ruins","ruins":"barrack","ref":"13"},"geometry":{"type":"Polygon","coordinates":[[[19.1770566,50.0377987],[19.1770543,50.0377127],[19.1776419,50.0377064],[19.1776442,50.0377923],[19.1770566,50.0377987]]]},"id":"way/326306063"},
    {"type":"Feature","properties":{"@id":"way/326306064","historic":"ruins","ruins":"barrack"},"geometry":{"type":"Polygon","coordinates":[[[19.1782335,50.0339968],[19.1782312,50.0339109],[19.1788188,50.0339045],[19.1788211,50.0339904],[19.1782335,50.0339968]]]},"id":"way/326306064"},
    {"type":"Feature","properties":{"@id":"way/326306065","historic":"ruins","ruins":"barrack","ref":"9"},"geometry":{"type":"Polygon","coordinates":[[[19.1751876,50.0384634],[19.1751854,50.0383775],[19.175773,50.0383711],[19.1757753,50.038457],[19.1751876,50.0384634]]]},"id":"way/326306065"},
    {"type":"Feature","properties":{"@id":"way/326306066","historic":"ruins","ruins":"barrack"},"geometry":{"type":"Polygon","coordinates":[[[19.177496,50.0337615],[19.1774937,50.0336756],[19.1780813,50.0336692],[19.1780836,50.0337551],[19.177496,50.0337615]]]},"id":"way/326306066"},
    {"type":"Feature","properties":{"@id":"way/326306067","historic":"ruins","ruins":"barrack","ref":"22"},"geometry":{"type":"Polygon","coordinates":[[[19.1761153,50.0369639],[19.176113,50.036878],[19.1767006,50.0368716],[19.1767029,50.0369575],[19.1761153,50.0369639]]]},"id":"way/326306067"},
    {"type":"Feature","properties":{"@id":"way/326306068","historic":"ruins","ruins":"barrack"},"geometry":{"type":"Polygon","coordinates":[[[19.1723533,50.0353948],[19.1723505,50.0353079],[19.1729222,50.0353004],[19.172925,50.0353874],[19.1723533,50.0353948]]]},"id":"way/326306068"},
    {"type":"Feature","properties":{"@id":"way/326306069","historic":"ruins","ruins":"barrack","name":"Blok 3","ref":"3"},"geometry":{"type":"Polygon","coordinates":[[[19.1789189,50.0390417],[19.1789166,50.0389558],[19.1795042,50.0389494],[19.1795065,50.0390353],[19.1789189,50.0390417]]]},"id":"way/326306069"},
    {"type":"Feature","properties":{"@id":"way/326306070","historic":"ruins","ruins":"barrack"},"geometry":{"type":"Polygon","coordinates":[[[19.1741888,50.0355782],[19.1741853,50.0354917],[19.1747512,50.0354823],[19.1747546,50.0355688],[19.1741888,50.0355782]]]},"id":"way/326306070"},
    {"type":"Feature","properties":{"@id":"way/326306071","historic":"ruins","ruins":"barrack","ref":"3"},"geometry":{"type":"Polygon","coordinates":[[[19.1733744,50.0391231],[19.1733721,50.0390372],[19.1739597,50.0390309],[19.173962,50.0391168],[19.1733744,50.0391231]]]},"id":"way/326306071"},
    {"type":"Feature","properties":{"@id":"way/326306072","historic":"ruins","ruins":"barrack","ref":"25"},"geometry":{"type":"Polygon","coordinates":[[[19.1751276,50.0365555],[19.1751249,50.0364702],[19.1756982,50.0364626],[19.1757009,50.0365479],[19.1751276,50.0365555]]]},"id":"way/326306072"},
    {"type":"Feature","properties":{"@id":"way/326306073","historic":"ruins","ruins":"barrack","name":"Blok 26","ref":"26"},"geometry":{"type":"Polygon","coordinates":[[[19.1779211,50.0365059],[19.1779188,50.0364199],[19.1785064,50.0364136],[19.1785087,50.0364995],[19.1779211,50.0365059]]]},"id":"way/326306073"},
    {"type":"Feature","properties":{"@id":"way/326306074","historic":"ruins","ruins":"barrack","ref":"7"},"geometry":{"type":"Polygon","coordinates":[[[19.1733745,50.0387018],[19.1733722,50.0386159],[19.1739599,50.0386095],[19.1739622,50.0386955],[19.1733745,50.0387018]]]},"id":"way/326306074"},
    {"type":"Feature","properties":{"@id":"way/326306075","historic":"ruins","ruins":"barrack","ref":"16"},"geometry":{"type":"Polygon","coordinates":[[[19.1724363,50.037656],[19.1724339,50.0375701],[19.1730026,50.0375635],[19.173005,50.0376494],[19.1724363,50.037656]]]},"id":"way/326306075"},
    {"type":"Feature","properties":{"@id":"way/326306076","historic":"ruins","ruins":"barrack","ref":"23"},"geometry":{"type":"Polygon","coordinates":[[[19.1770154,50.0367371],[19.1770131,50.0366512],[19.1776007,50.0366448],[19.177603,50.0367307],[19.1770154,50.0367371]]]},"id":"way/326306076"},
    {"type":"Feature","properties":{"@id":"way/326306077","historic":"ruins","ruins":"barrack","ref":"13"},"geometry":{"type":"Polygon","coordinates":[[[19.1751637,50.037824],[19.1751614,50.0377381],[19.175749,50.0377317],[19.1757513,50.0378177],[19.1751637,50.037824]]]},"id":"way/326306077"},
    {"type":"Feature","properties":{"@id":"way/326306078","historic":"ruins","ruins":"barrack","ref":"28"},"geometry":{"type":"Polygon","coordinates":[[[19.1742082,50.0363595],[19.1742052,50.0362742],[19.1747752,50.0362659],[19.1747782,50.0363513],[19.1742082,50.0363595]]]},"id":"way/326306078"},
    {"type":"Feature","properties":{"@id":"way/326306079","historic":"ruins","ruins":"barrack","ref":"1"},"geometry":{"type":"Polygon","coordinates":[[[19.1771155,50.0392757],[19.1771132,50.0391897],[19.1777009,50.0391833],[19.1777032,50.0392693],[19.1771155,50.0392757]]]},"id":"way/326306079"},
    {"type":"Feature","properties":{"@id":"way/326306080","historic":"ruins","ruins":"barrack","ref":"4"},"geometry":{"type":"Polygon","coordinates":[[[19.176198,50.0390811],[19.1761957,50.0389952],[19.1767834,50.0389888],[19.1767857,50.0390747],[19.176198,50.0390811]]]},"id":"way/326306080"},
    {"type":"Feature","properties":{"@id":"way/326306081","historic":"ruins","ruins":"barrack","ref":"22"},"geometry":{"type":"Polygon","coordinates":[[[19.1724265,50.0370178],[19.1724233,50.0369319],[19.1729925,50.0369231],[19.1729956,50.037009],[19.1724265,50.0370178]]]},"id":"way/326306081"},
    {"type":"Feature","properties":{"@id":"way/326306082","historic":"ruins","ruins":"barrack","ref":"15"},"geometry":{"type":"Polygon","coordinates":[[[19.1712356,50.0401011],[19.1712134,50.0397162],[19.1713765,50.0397122],[19.1713987,50.0400972],[19.1712356,50.0401011]]]},"id":"way/326306082"},
    {"type":"Feature","properties":{"@id":"way/326306083","historic":"ruins","ruins":"barrack","ref":"17"},"geometry":{"type":"Polygon","coordinates":[[[19.1751491,50.037403],[19.1751469,50.0373171],[19.1757345,50.0373107],[19.1757368,50.0373966],[19.1751491,50.037403]]]},"id":"way/326306083"},
    {"type":"Feature","properties":{"@id":"way/326306084","historic":"ruins","ruins":"barrack","name":"Blok 6","ref":"6"},"geometry":{"type":"Polygon","coordinates":[[[19.1780116,50.038842],[19.1780093,50.0387561],[19.1785969,50.0387497],[19.1785992,50.0388356],[19.1780116,50.038842]]]},"id":"way/326306084"},
    {"type":"Feature","properties":{"@id":"way/326306085","historic":"ruins","ruins":"barrack"},"geometry":{"type":"Polygon","coordinates":[[[19.1727398,50.0340777],[19.1727375,50.0339918],[19.1733251,50.0339855],[19.1733274,50.0340714],[19.1727398,50.0340777]]]},"id":"way/326306085"},
    {"type":"Feature","properties":{"@id":"way/326306086","historic":"ruins","ruins":"barrack","ref":"7"},"geometry":{"type":"Polygon","coordinates":[[[19.1770854,50.0386443],[19.1770831,50.0385584],[19.1776708,50.038552],[19.1776731,50.0386379],[19.1770854,50.0386443]]]},"id":"way/326306086"},
    {"type":"Feature","properties":{"@id":"way/326306087","historic":"ruins","ruins":"barrack","ref":"23"},"geometry":{"type":"Polygon","coordinates":[[[19.173303,50.0367917],[19.1733007,50.0367057],[19.1738883,50.0366994],[19.1738906,50.0367853],[19.173303,50.0367917]]]},"id":"way/326306087"},
    {"type":"Feature","properties":{"@id":"way/326306088","historic":"ruins","ruins":"barrack","ref":"1"},"geometry":{"type":"Polygon","coordinates":[[[19.1752124,50.0393084],[19.1752101,50.0392225],[19.1757977,50.0392161],[19.1758,50.039302],[19.1752124,50.0393084]]]},"id":"way/326306088"},
    {"type":"Feature","properties":{"@id":"way/326306089","historic":"ruins","ruins":"barrack","ref":"10"},"geometry":{"type":"Polygon","coordinates":[[[19.1761724,50.0384476],[19.1761701,50.0383617],[19.1767577,50.0383553],[19.17676,50.0384412],[19.1761724,50.0384476]]]},"id":"way/326306089"},
    {"type":"Feature","properties":{"@id":"way/326306090","historic":"ruins","ruins":"barrack","ref":"28"},"geometry":{"type":"Polygon","coordinates":[[[19.1723784,50.0363796],[19.1723761,50.0362937],[19.1729637,50.0362874],[19.172966,50.0363733],[19.1723784,50.0363796]]]},"id":"way/326306090"},
    {"type":"Feature","properties":{"@id":"way/326306091","historic":"ruins","ruins":"barrack","name":"Latryny i umywalnie","ref":"16"},"geometry":{"type":"Polygon","coordinates":[[[19.171666,50.0380839],[19.171664,50.0379985],[19.1722267,50.0379932],[19.1722287,50.0380785],[19.171666,50.0380839]]]},"id":"way/326306091"},
    {"type":"Feature","properties":{"@id":"way/326306092","historic":"ruins","ruins":"barrack"},"geometry":{"type":"Polygon","coordinates":[[[19.172728,50.03359],[19.1727257,50.033504],[19.1733133,50.0334977],[19.1733156,50.0335836],[19.172728,50.03359]]]},"id":"way/326306092"},
    {"type":"Feature","properties":{"@id":"way/326306093","historic":"ruins","ruins":"barrack","ref":"20"},"geometry":{"type":"Polygon","coordinates":[[[19.1742395,50.0372062],[19.174237,50.0371203],[19.174809,50.0371136],[19.1748114,50.0371995],[19.1742395,50.0372062]]]},"id":"way/326306093"},
    {"type":"Feature","properties":{"@id":"way/326306094","historic":"ruins","ruins":"barrack"},"geometry":{"type":"Polygon","coordinates":[[[19.1750961,50.0355637],[19.1750942,50.0354778],[19.1756656,50.0354726],[19.1756675,50.0355586],[19.1750961,50.0355637]]]},"id":"way/326306094"},
    {"type":"Feature","properties":{"@id":"way/326306095","historic":"ruins","ruins":"barrack","ref":"11"},"geometry":{"type":"Polygon","coordinates":[[[19.1718042,50.0378886],[19.1717927,50.0376178],[19.1719004,50.037616],[19.1719119,50.0378867],[19.1718042,50.0378886]]]},"id":"way/326306095"},
    {"type":"Feature","properties":{"@id":"way/326306096","historic":"ruins","ruins":"barrack"},"geometry":{"type":"Polygon","coordinates":[[[19.1778882,50.0355181],[19.1778859,50.0354322],[19.1784736,50.0354258],[19.1784758,50.0355117],[19.1778882,50.0355181]]]},"id":"way/326306096"},
    {"type":"Feature","properties":{"@id":"way/326306097","historic":"ruins","ruins":"barrack","name":"Blok 29","ref":"29"},"geometry":{"type":"Polygon","coordinates":[[[19.1788169,50.0360716],[19.1788146,50.0359857],[19.1794022,50.0359792],[19.1794045,50.0360652],[19.1788169,50.0360716]]]},"id":"way/326306097"},
    {"type":"Feature","properties":{"@id":"way/326306098","historic":"ruins","ruins":"barrack"},"geometry":{"type":"Polygon","coordinates":[[[19.1767136,50.0340182],[19.1767113,50.0339323],[19.1772989,50.0339259],[19.1773012,50.0340118],[19.1767136,50.0340182]]]},"id":"way/326306098"},
    {"type":"Feature","properties":{"@id":"way/326306099","historic":"ruins","ruins":"barrack","ref":"10"},"geometry":{"type":"Polygon","coordinates":[[[19.1724428,50.0384991],[19.1724405,50.0384132],[19.1730281,50.0384068],[19.1730304,50.0384927],[19.1724428,50.0384991]]]},"id":"way/326306099"},
    {"type":"Feature","properties":{"@id":"way/326306100","historic":"ruins","ruins":"barrack","ref":"31"},"geometry":{"type":"Polygon","coordinates":[[[19.1769891,50.0358898],[19.1769868,50.0358039],[19.1775744,50.0357975],[19.1775767,50.0358835],[19.1769891,50.0358898]]]},"id":"way/326306100"},
    {"type":"Feature","properties":{"@id":"way/326306101","historic":"ruins","ruins":"barrack","ref":"7"},"geometry":{"type":"Polygon","coordinates":[[[19.1751928,50.038676],[19.1751905,50.0385901],[19.1757781,50.0385837],[19.1757804,50.0386696],[19.1751928,50.038676]]]},"id":"way/326306101"},
    {"type":"Feature","properties":{"@id":"way/326306102","historic":"ruins","ruins":"barrack","ref":"9"},"geometry":{"type":"Polygon","coordinates":[[[19.1718237,50.0384616],[19.1718122,50.0381908],[19.1719199,50.0381889],[19.1719314,50.0384597],[19.1718237,50.0384616]]]},"id":"way/326306102"},
    {"type":"Feature","properties":{"@id":"way/326306103","historic":"ruins","ruins":"barrack","ref":"30"},"geometry":{"type":"Polygon","coordinates":[[[19.1760889,50.036117],[19.1760866,50.0360311],[19.1766742,50.0360247],[19.1766765,50.0361107],[19.1760889,50.036117]]]},"id":"way/326306103"},
    {"type":"Feature","properties":{"@id":"way/326306104","historic":"ruins","ruins":"barrack","description:de":"Entlausungsblock"},"geometry":{"type":"Polygon","coordinates":[[[19.1723621,50.0356068],[19.1723594,50.0355212],[19.17293,50.0355139],[19.1729326,50.0355996],[19.1723621,50.0356068]]]},"id":"way/326306104"},
    {"type":"Feature","properties":{"@id":"way/326306105","historic":"ruins","ruins":"barrack"},"geometry":{"type":"Polygon","coordinates":[[[19.1799375,50.0337232],[19.1799352,50.0336373],[19.1805228,50.0336309],[19.180525,50.0337168],[19.1799375,50.0337232]]]},"id":"way/326306105"},
    {"type":"Feature","properties":{"@id":"way/326306106","historic":"ruins","ruins":"barrack","ref":"14"},"geometry":{"type":"Polygon","coordinates":[[[19.1712165,50.0396066],[19.1711908,50.0392194],[19.1713469,50.0392151],[19.1713726,50.0396023],[19.1712165,50.0396066]]]},"id":"way/326306106"},
    {"type":"Feature","properties":{"@id":"way/326306107","historic":"ruins","ruins":"barrack"},"geometry":{"type":"Polygon","coordinates":[[[19.1781646,50.0323331],[19.1781624,50.0322413],[19.1787327,50.0322354],[19.178735,50.0323272],[19.1781646,50.0323331]]]},"id":"way/326306107"},
    {"type":"Feature","properties":{"@id":"way/326306108","historic":"ruins","ruins":"barrack"},"geometry":{"type":"Polygon","coordinates":[[[19.1741757,50.0353693],[19.1741725,50.0352813],[19.1747439,50.0352749],[19.1747462,50.0353608],[19.1741757,50.0353693]]]},"id":"way/326306108"},
    {"type":"Feature","properties":{"@id":"way/326306109","historic":"ruins","ruins":"barrack"},"geometry":{"type":"Polygon","coordinates":[[[19.1766628,50.0405908],[19.1766607,50.0405309],[19.1769173,50.0405271],[19.1769194,50.040587],[19.1766628,50.0405908]]]},"id":"way/326306109"},
    {"type":"Feature","properties":{"@id":"way/326306110","historic":"ruins","ruins":"barrack","name":"Blok 28","ref":"28"},"geometry":{"type":"Polygon","coordinates":[[[19.1779175,50.0362974],[19.1779152,50.0362115],[19.1785028,50.0362051],[19.1785051,50.036291],[19.1779175,50.0362974]]]},"id":"way/326306110"},
    {"type":"Feature","properties":{"@id":"way/326306111","historic":"ruins","ruins":"barrack","ref":"14"},"geometry":{"type":"Polygon","coordinates":[[[19.1724434,50.0378674],[19.1724407,50.0377824],[19.1730107,50.0377748],[19.1730134,50.0378598],[19.1724434,50.0378674]]]},"id":"way/326306111"},
    {"type":"Feature","properties":{"@id":"way/326306112","historic":"ruins","ruins":"barrack","ref":"25"},"geometry":{"type":"Polygon","coordinates":[[[19.1770076,50.0365287],[19.1770054,50.0364428],[19.177593,50.0364364],[19.1775953,50.0365223],[19.1770076,50.0365287]]]},"id":"way/326306112"},
    {"type":"Feature","properties":{"@id":"way/326306113","historic":"ruins","ruins":"barrack"},"geometry":{"type":"Polygon","coordinates":[[[19.1735306,50.0340657],[19.1735283,50.0339798],[19.1741159,50.0339734],[19.1741182,50.0340593],[19.1735306,50.0340657]]]},"id":"way/326306113"},
    {"type":"Feature","properties":{"@id":"way/326306114","historic":"ruins","ruins":"barrack"},"geometry":{"type":"Polygon","coordinates":[[[19.1751688,50.0380423],[19.1751665,50.0379564],[19.1757541,50.03795],[19.1757564,50.0380359],[19.1751688,50.0380423]]]},"id":"way/326306114"},
    {"type":"Feature","properties":{"@id":"way/326306115","historic":"building","ruins":"yes"},"geometry":{"type":"Polygon","coordinates":[[[19.1756845,50.0324537],[19.1756755,50.0320876],[19.1758065,50.0320862],[19.1758155,50.0324524],[19.1756845,50.0324537]]]},"id":"way/326306115"},
    {"type":"Feature","properties":{"@id":"way/326306116","historic":"ruins","ruins":"barrack","ref":"13"},"geometry":{"type":"Polygon","coordinates":[[[19.1733349,50.0378548],[19.1733326,50.0377688],[19.1739202,50.0377625],[19.1739225,50.0378484],[19.1733349,50.0378548]]]},"id":"way/326306116"},
    {"type":"Feature","properties":{"@id":"way/326306117","historic":"ruins","ruins":"barrack","ref":"24"},"geometry":{"type":"Polygon","coordinates":[[[19.1761075,50.0367507],[19.1761052,50.0366648],[19.1766928,50.0366584],[19.1766951,50.0367444],[19.1761075,50.0367507]]]},"id":"way/326306117"},
    {"type":"Feature","properties":{"@id":"way/326306118","historic":"ruins","ruins":"barrack"},"geometry":{"type":"Polygon","coordinates":[[[19.1784915,50.0405619],[19.1784895,50.0405009],[19.1787475,50.0404974],[19.1787494,50.0405584],[19.1784915,50.0405619]]]},"id":"way/326306118"},
    {"type":"Feature","properties":{"@id":"way/326306119","historic":"ruins","ruins":"barrack","name":"Blok 5","ref":"5"},"geometry":{"type":"Polygon","coordinates":[[[19.1789146,50.0388279],[19.1789123,50.038742],[19.1795,50.0387356],[19.1795022,50.0388215],[19.1789146,50.0388279]]]},"id":"way/326306119"},
    {"type":"Feature","properties":{"@id":"way/326306120","historic":"ruins","ruins":"barrack","ref":"30"},"geometry":{"type":"Polygon","coordinates":[[[19.1742022,50.0361472],[19.1741995,50.0360598],[19.1747723,50.0360523],[19.174775,50.0361397],[19.1742022,50.0361472]]]},"id":"way/326306120"},
    {"type":"Feature","properties":{"@id":"way/326306121","historic":"ruins","ruins":"barrack"},"geometry":{"type":"Polygon","coordinates":[[[19.1720115,50.0335932],[19.1720092,50.0335073],[19.1725968,50.0335009],[19.1725991,50.0335868],[19.1720115,50.0335932]]]},"id":"way/326306121"},
    {"type":"Feature","properties":{"@id":"way/326306122","historic":"ruins","ruins":"barrack","ref":"4"},"geometry":{"type":"Polygon","coordinates":[[[19.17215,50.0393609],[19.1721385,50.0390902],[19.1722462,50.0390883],[19.1722577,50.0393591],[19.17215,50.0393609]]]},"id":"way/326306122"},
    {"type":"Feature","properties":{"@id":"way/326306123","historic":"ruins","ruins":"barrack","ref":"11"},"geometry":{"type":"Polygon","coordinates":[[[19.1733539,50.0382783],[19.1733516,50.0381924],[19.1739392,50.038186],[19.1739415,50.0382719],[19.1733539,50.0382783]]]},"id":"way/326306123"},
    {"type":"Feature","properties":{"@id":"way/326306124","historic":"ruins","ruins":"barrack","ref":"2"},"geometry":{"type":"Polygon","coordinates":[[[19.1762059,50.0392929],[19.1762036,50.039207],[19.1767913,50.0392006],[19.1767936,50.0392865],[19.1762059,50.0392929]]]},"id":"way/326306124"},
    {"type":"Feature","properties":{"@id":"way/326306125","historic":"ruins","ruins":"barrack","ref":"20"},"geometry":{"type":"Polygon","coordinates":[[[19.172419,50.0372324],[19.1724167,50.0371462],[19.1729947,50.0371399],[19.1729969,50.0372261],[19.172419,50.0372324]]]},"id":"way/326306125"},
    {"type":"Feature","properties":{"@id":"way/326306126","historic":"ruins","ruins":"barrack","name":"Blok 19","ref":"19"},"geometry":{"type":"Polygon","coordinates":[[[19.1788598,50.0371335],[19.1788575,50.0370475],[19.1794452,50.0370412],[19.1794475,50.0371271],[19.1788598,50.0371335]]]},"id":"way/326306126"},
    {"type":"Feature","properties":{"@id":"way/326306127","historic":"ruins","ruins":"barrack"},"geometry":{"type":"Polygon","coordinates":[[[19.1766465,50.0323519],[19.1766434,50.0322619],[19.1772406,50.0322536],[19.1772436,50.0323436],[19.1766465,50.0323519]]]},"id":"way/326306127"},
    {"type":"Feature","properties":{"@id":"way/326306128","historic":"ruins","ruins":"barrack","ref":"12"},"geometry":{"type":"Polygon","coordinates":[[[19.1742754,50.0382669],[19.1742724,50.0381807],[19.1748365,50.0381725],[19.1748395,50.0382587],[19.1742754,50.0382669]]]},"id":"way/326306128"},
    {"type":"Feature","properties":{"@id":"way/326306129","historic":"ruins","ruins":"barrack","name":"Blok 11","ref":"11"},"geometry":{"type":"Polygon","coordinates":[[[19.1788847,50.038192],[19.1788824,50.0381061],[19.1794701,50.0380997],[19.1794724,50.0381856],[19.1788847,50.038192]]]},"id":"way/326306129"},
    {"type":"Feature","properties":{"@id":"way/326306130","historic":"ruins","ruins":"barrack","ref":"19"},"geometry":{"type":"Polygon","coordinates":[[[19.1751332,50.0371918],[19.1751309,50.0371059],[19.1757185,50.0370995],[19.1757208,50.0371854],[19.1751332,50.0371918]]]},"id":"way/326306130"},
    {"type":"Feature","properties":{"@id":"way/326306131","historic":"ruins","ruins":"barrack"},"geometry":{"type":"Polygon","coordinates":[[[19.1774884,50.0335167],[19.1774861,50.0334307],[19.1780736,50.0334243],[19.1780759,50.0335103],[19.1774884,50.0335167]]]},"id":"way/326306131"},
    {"type":"Feature","properties":{"@id":"way/326306132","historic":"ruins","ruins":"barrack","name":"Blok 20","ref":"20"},"geometry":{"type":"Polygon","coordinates":[[[19.1779438,50.0371406],[19.1779415,50.0370547],[19.1785292,50.0370483],[19.1785314,50.0371342],[19.1779438,50.0371406]]]},"id":"way/326306132"},
    {"type":"Feature","properties":{"@id":"way/326306133","historic":"ruins","ruins":"barrack"},"geometry":{"type":"Polygon","coordinates":[[[19.1790065,50.0339829],[19.1790042,50.033897],[19.1795918,50.0338906],[19.1795941,50.0339765],[19.1790065,50.0339829]]]},"id":"way/326306133"},
    {"type":"Feature","properties":{"@id":"way/326306134","historic":"ruins","ruins":"barrack","ref":"29"},"geometry":{"type":"Polygon","coordinates":[[[19.1732923,50.036159],[19.1732881,50.0360731],[19.1738583,50.0360667],[19.1738605,50.0361526],[19.1732923,50.036159]]]},"id":"way/326306134"},
    {"type":"Feature","properties":{"@id":"way/326306135","historic":"ruins","ruins":"barrack","ref":"2"},"geometry":{"type":"Polygon","coordinates":[[[19.1721654,50.0397527],[19.1721539,50.0394819],[19.1722616,50.0394801],[19.1722731,50.0397509],[19.1721654,50.0397527]]]},"id":"way/326306135"},
    {"type":"Feature","properties":{"@id":"way/326306136","historic":"ruins","ruins":"barrack","ref":"24"},"geometry":{"type":"Polygon","coordinates":[[[19.1742266,50.0367829],[19.1742236,50.0366973],[19.1747923,50.0366891],[19.1747953,50.0367746],[19.1742266,50.0367829]]]},"id":"way/326306136"},
    {"type":"Feature","properties":{"@id":"way/326306137","historic":"ruins","ruins":"barrack","name":"Blok 15","ref":"15"},"geometry":{"type":"Polygon","coordinates":[[[19.1788692,50.0375552],[19.1788669,50.0374693],[19.1794546,50.0374629],[19.1794569,50.0375488],[19.1788692,50.0375552]]]},"id":"way/326306137"},
    {"type":"Feature","properties":{"@id":"way/326306138","historic":"ruins","ruins":"barrack","ref":"17"},"geometry":{"type":"Polygon","coordinates":[[[19.1717887,50.0374679],[19.1717773,50.0371971],[19.1718849,50.0371952],[19.1718964,50.037466],[19.1717887,50.0374679]]]},"id":"way/326306138"},
    {"type":"Feature","properties":{"@id":"way/326306139","historic":"ruins","ruins":"barrack","ref":"17"},"geometry":{"type":"Polygon","coordinates":[[[19.1770387,50.0373714],[19.1770364,50.0372855],[19.177624,50.0372791],[19.1776263,50.0373651],[19.1770387,50.0373714]]]},"id":"way/326306139"},
    {"type":"Feature","properties":{"@id":"way/326306140","historic":"ruins","ruins":"barrack"},"geometry":{"type":"Polygon","coordinates":[[[19.1743097,50.0335613],[19.1743074,50.0334754],[19.174895,50.033469],[19.1748973,50.033555],[19.1743097,50.0335613]]]},"id":"way/326306140"},
    {"type":"Feature","properties":{"@id":"way/326306141","historic":"ruins","ruins":"barrack"},"geometry":{"type":"Polygon","coordinates":[[[19.1782161,50.033752],[19.1782138,50.0336661],[19.1788014,50.0336597],[19.1788037,50.0337456],[19.1782161,50.033752]]]},"id":"way/326306141"},
    {"type":"Feature","properties":{"@id":"way/326306142","historic":"ruins","ruins":"barrack"},"geometry":{"type":"Polygon","coordinates":[[[19.1787966,50.035295],[19.1787943,50.0352091],[19.1793819,50.0352027],[19.1793842,50.0352886],[19.1787966,50.035295]]]},"id":"way/326306142"},
    {"type":"Feature","properties":{"@id":"way/326306143","historic":"ruins","ruins":"barrack","ref":"16"},"geometry":{"type":"Polygon","coordinates":[[[19.1761388,50.0376007],[19.1761365,50.0375148],[19.1767242,50.0375084],[19.1767265,50.0375943],[19.1761388,50.0376007]]]},"id":"way/326306143"},
    {"type":"Feature","properties":{"@id":"way/326306144","historic":"ruins","ruins":"barrack","ref":"26"},"geometry":{"type":"Polygon","coordinates":[[[19.1724234,50.036507],[19.172979,50.0364996],[19.1729818,50.0365883],[19.1724262,50.0365956],[19.1724234,50.036507]]]},"id":"way/326306144"},
    {"type":"Feature","properties":{"@id":"way/326306145","historic":"ruins","ruins":"barrack","ref":"22"},"geometry":{"type":"Polygon","coordinates":[[[19.1742344,50.0369961],[19.1742315,50.0369096],[19.1747969,50.0369018],[19.1747998,50.0369883],[19.1742344,50.0369961]]]},"id":"way/326306145"},
    {"type":"Feature","properties":{"@id":"way/326306146","historic":"ruins","ruins":"barrack"},"geometry":{"type":"Polygon","coordinates":[[[19.1778729,50.0353059],[19.1778706,50.03522],[19.1784582,50.0352136],[19.1784605,50.0352995],[19.1778729,50.0353059]]]},"id":"way/326306146"},
    {"type":"Feature","properties":{"@id":"way/326306147","historic":"ruins","ruins":"barrack"},"geometry":{"type":"Polygon","coordinates":[[[19.1720223,50.0338457],[19.17202,50.0337598],[19.1726076,50.0337534],[19.1726099,50.0338393],[19.1720223,50.0338457]]]},"id":"way/326306147"},
    {"type":"Feature","properties":{"@id":"way/326306148","historic":"ruins","ruins":"barrack"},"geometry":{"type":"Polygon","coordinates":[[[19.1732703,50.0355929],[19.1732671,50.0355073],[19.1738376,50.0354985],[19.1738408,50.0355841],[19.1732703,50.0355929]]]},"id":"way/326306148"},
    {"type":"Feature","properties":{"@id":"way/326306149","historic":"ruins","ruins":"barrack","ref":"5"},"geometry":{"type":"Polygon","coordinates":[[[19.1733683,50.0389136],[19.173366,50.0388277],[19.1739537,50.0388213],[19.1739559,50.0389072],[19.1733683,50.0389136]]]},"id":"way/326306149"},
    {"type":"Feature","properties":{"@id":"way/326306150","historic":"ruins","ruins":"barrack","ref":"8"},"geometry":{"type":"Polygon","coordinates":[[[19.172446,50.0387119],[19.1724438,50.038626],[19.1730314,50.0386197],[19.1730337,50.0387056],[19.172446,50.0387119]]]},"id":"way/326306150"},
    {"type":"Feature","properties":{"@id":"way/326306151","historic":"ruins","ruins":"barrack"},"geometry":{"type":"Polygon","coordinates":[[[19.1769808,50.0355375],[19.1769785,50.0354515],[19.1775661,50.0354452],[19.1775684,50.0355311],[19.1769808,50.0355375]]]},"id":"way/326306151"},
    {"type":"Feature","properties":{"@id":"way/326306152","historic":"ruins","ruins":"barrack","ref":"5"},"geometry":{"type":"Polygon","coordinates":[[[19.1752022,50.0388859],[19.1751999,50.0387999],[19.1757875,50.0387936],[19.1757898,50.0388795],[19.1752022,50.0388859]]]},"id":"way/326306152"},
    {"type":"Feature","properties":{"@id":"way/326306153","historic":"ruins","ruins":"barrack","name":"Blok 4","ref":"4"},"geometry":{"type":"Polygon","coordinates":[[[19.1780239,50.0390523],[19.1780217,50.0389664],[19.1786093,50.03896],[19.1786116,50.0390459],[19.1780239,50.0390523]]]},"id":"way/326306153"},
    {"type":"Feature","properties":{"@id":"way/326306154","historic":"ruins","ruins":"barrack","ref":"32"},"geometry":{"type":"Polygon","coordinates":[[[19.1760809,50.0359053],[19.1760787,50.0358193],[19.1766663,50.035813],[19.1766686,50.0358989],[19.1760809,50.0359053]]]},"id":"way/326306154"}
  ]
}
